,Proximate_Analyses
0,https://www.fishbase.de/aquaculture/ProcessingList.php?speccode=972&GenusName=Ablennes&SpeciesName=hians
1,https://www.fishbase.de/aquaculture/ProcessingList.php?speccode=268&GenusName=Abramis&SpeciesName=brama
2,https://www.fishbase.de/aquaculture/ProcessingList.php?speccode=89&GenusName=Acanthocybium&SpeciesName=solandri
3,https://www.fishbase.de/aquaculture/ProcessingList.php?speccode=6356&GenusName=Acanthopagrus&SpeciesName=latus
4,https://www.fishbase.de/aquaculture/ProcessingList.php?speccode=2065&GenusName=Acipenser&SpeciesName=stellatus
5,https://www.fishbase.de/aquaculture/ProcessingList.php?speccode=2066&GenusName=Acipenser&SpeciesName=sturio
6,https://www.fishbase.de/aquaculture/ProcessingList.php?speccode=2594&GenusName=Acipenser&SpeciesName=transmontanus
7,https://www.fishbase.de/aquaculture/ProcessingList.php?speccode=228&GenusName=Albula&SpeciesName=vulpes
8,https://www.fishbase.de/aquaculture/ProcessingList.php?speccode=988&GenusName=Alectis&SpeciesName=ciliaris
9,https://www.fishbase.de/aquaculture/ProcessingList.php?speccode=10&GenusName=Alectis&SpeciesName=indica
10,https://www.fishbase.de/aquaculture/ProcessingList.php?speccode=1889&GenusName=Alepes&SpeciesName=djedaba
11,https://www.fishbase.de/aquaculture/ProcessingList.php?speccode=2534&GenusName=Alopias&SpeciesName=superciliosus
12,https://www.fishbase.de/aquaculture/ProcessingList.php?speccode=2535&GenusName=Alopias&SpeciesName=vulpinus
13,https://www.fishbase.de/aquaculture/ProcessingList.php?speccode=101&GenusName=Alosa&SpeciesName=alosa
14,https://www.fishbase.de/aquaculture/ProcessingList.php?speccode=1582&GenusName=Alosa&SpeciesName=mediocris
15,https://www.fishbase.de/aquaculture/ProcessingList.php?speccode=1583&GenusName=Alosa&SpeciesName=pseudoharengus
16,https://www.fishbase.de/aquaculture/ProcessingList.php?speccode=1584&GenusName=Alosa&SpeciesName=sapidissima
17,https://www.fishbase.de/aquaculture/ProcessingList.php?speccode=5982&GenusName=Ambassis&SpeciesName=kopsii
18,https://www.fishbase.de/aquaculture/ProcessingList.php?speccode=1499&GenusName=Amblygaster&SpeciesName=clupeoides
19,https://www.fishbase.de/aquaculture/ProcessingList.php?speccode=3822&GenusName=Ammodytes&SpeciesName=hexapterus
20,https://www.fishbase.de/aquaculture/ProcessingList.php?speccode=2501&GenusName=Anarhichas&SpeciesName=lupus
21,https://www.fishbase.de/aquaculture/ProcessingList.php?speccode=35&GenusName=Anguilla&SpeciesName=anguilla
22,https://www.fishbase.de/aquaculture/ProcessingList.php?speccode=11878&GenusName=Anguilla&SpeciesName=dieffenbachii
23,https://www.fishbase.de/aquaculture/ProcessingList.php?speccode=295&GenusName=Anguilla&SpeciesName=japonica
24,https://www.fishbase.de/aquaculture/ProcessingList.php?speccode=1124&GenusName=Anisotremus&SpeciesName=virginicus
25,https://www.fishbase.de/aquaculture/ProcessingList.php?speccode=512&GenusName=Anoplopoma&SpeciesName=fimbria
26,https://www.fishbase.de/aquaculture/ProcessingList.php?speccode=3577&GenusName=Aplodinotus&SpeciesName=grunniens
27,https://www.fishbase.de/aquaculture/ProcessingList.php?speccode=441&GenusName=Archosargus&SpeciesName=probatocephalus
28,https://www.fishbase.de/aquaculture/ProcessingList.php?speccode=2700&GenusName=Argentina&SpeciesName=silus
29,https://www.fishbase.de/aquaculture/ProcessingList.php?speccode=4541&GenusName=Argyrops&SpeciesName=filamentosus
30,https://www.fishbase.de/aquaculture/ProcessingList.php?speccode=442&GenusName=Argyrops&SpeciesName=spinifer
31,https://www.fishbase.de/aquaculture/ProcessingList.php?speccode=11979&GenusName=Argyrosomus&SpeciesName=japonicus
32,https://www.fishbase.de/aquaculture/ProcessingList.php?speccode=418&GenusName=Argyrosomus&SpeciesName=regius
33,https://www.fishbase.de/aquaculture/ProcessingList.php?speccode=1289&GenusName=Arius&SpeciesName=jella
34,https://www.fishbase.de/aquaculture/ProcessingList.php?speccode=1280&GenusName=Arius&SpeciesName=maculatus
35,https://www.fishbase.de/aquaculture/ProcessingList.php?speccode=5048&GenusName=Arripis&SpeciesName=trutta
36,https://www.fishbase.de/aquaculture/ProcessingList.php?speccode=14606&GenusName=Arripis&SpeciesName=truttacea
37,https://www.fishbase.de/aquaculture/ProcessingList.php?speccode=517&GenusName=Atheresthes&SpeciesName=stomias
38,https://www.fishbase.de/aquaculture/ProcessingList.php?speccode=941&GenusName=Atrobucca&SpeciesName=nibe
39,https://www.fishbase.de/aquaculture/ProcessingList.php?speccode=93&GenusName=Auxis&SpeciesName=rochei
40,https://www.fishbase.de/aquaculture/ProcessingList.php?speccode=94&GenusName=Auxis&SpeciesName=thazard
41,https://www.fishbase.de/aquaculture/ProcessingList.php?speccode=13168&GenusName=Bangana&SpeciesName=ariza
42,https://www.fishbase.de/aquaculture/ProcessingList.php?speccode=286&GenusName=Barbonymus&SpeciesName=gonionotus
43,https://www.fishbase.de/aquaculture/ProcessingList.php?speccode=47&GenusName=Belone&SpeciesName=belone
44,https://www.fishbase.de/aquaculture/ProcessingList.php?speccode=2556&GenusName=Beringraja&SpeciesName=binoculata
45,https://www.fishbase.de/aquaculture/ProcessingList.php?speccode=1319&GenusName=Beryx&SpeciesName=decadactylus
46,https://www.fishbase.de/aquaculture/ProcessingList.php?speccode=1320&GenusName=Beryx&SpeciesName=splendens
47,https://www.fishbase.de/aquaculture/ProcessingList.php?speccode=203&GenusName=Boops&SpeciesName=boops
48,https://www.fishbase.de/aquaculture/ProcessingList.php?speccode=319&GenusName=Boreogadus&SpeciesName=saida
49,https://www.fishbase.de/aquaculture/ProcessingList.php?speccode=400&GenusName=Brachydeuterus&SpeciesName=auritus
50,https://www.fishbase.de/aquaculture/ProcessingList.php?speccode=391&GenusName=Brama&SpeciesName=brama
51,https://www.fishbase.de/aquaculture/ProcessingList.php?speccode=1592&GenusName=Brevoortia&SpeciesName=tyrannus
52,https://www.fishbase.de/aquaculture/ProcessingList.php?speccode=51&GenusName=Brosme&SpeciesName=brosme
53,https://www.fishbase.de/aquaculture/ProcessingList.php?speccode=1222&GenusName=Calamus&SpeciesName=calamus
54,https://www.fishbase.de/aquaculture/ProcessingList.php?speccode=1916&GenusName=Carangoides&SpeciesName=armatus
55,https://www.fishbase.de/aquaculture/ProcessingList.php?speccode=1925&GenusName=Carangoides&SpeciesName=dinema
56,https://www.fishbase.de/aquaculture/ProcessingList.php?speccode=1921&GenusName=Carangoides&SpeciesName=ferdau
57,https://www.fishbase.de/aquaculture/ProcessingList.php?speccode=1926&GenusName=Carangoides&SpeciesName=fulvoguttatus
58,https://www.fishbase.de/aquaculture/ProcessingList.php?speccode=1905&GenusName=Carangoides&SpeciesName=gymnostethus
59,https://www.fishbase.de/aquaculture/ProcessingList.php?speccode=1933&GenusName=Caranx&SpeciesName=crysos
60,https://www.fishbase.de/aquaculture/ProcessingList.php?speccode=1895&GenusName=Caranx&SpeciesName=ignobilis
61,https://www.fishbase.de/aquaculture/ProcessingList.php?speccode=1906&GenusName=Caranx&SpeciesName=melampygus
62,https://www.fishbase.de/aquaculture/ProcessingList.php?speccode=1917&GenusName=Caranx&SpeciesName=sexfasciatus
63,https://www.fishbase.de/aquaculture/ProcessingList.php?speccode=271&GenusName=Carassius&SpeciesName=auratus
64,https://www.fishbase.de/aquaculture/ProcessingList.php?speccode=270&GenusName=Carassius&SpeciesName=carassius
65,https://www.fishbase.de/aquaculture/ProcessingList.php?speccode=867&GenusName=Carcharhinus&SpeciesName=dussumieri
66,https://www.fishbase.de/aquaculture/ProcessingList.php?speccode=874&GenusName=Carcharhinus&SpeciesName=limbatus
67,https://www.fishbase.de/aquaculture/ProcessingList.php?speccode=875&GenusName=Carcharhinus&SpeciesName=longimanus
68,https://www.fishbase.de/aquaculture/ProcessingList.php?speccode=877&GenusName=Carcharhinus&SpeciesName=melanopterus
69,https://www.fishbase.de/aquaculture/ProcessingList.php?speccode=878&GenusName=Carcharhinus&SpeciesName=obscurus
70,https://www.fishbase.de/aquaculture/ProcessingList.php?speccode=880&GenusName=Carcharhinus&SpeciesName=plumbeus
71,https://www.fishbase.de/aquaculture/ProcessingList.php?speccode=751&GenusName=Carcharodon&SpeciesName=carcharias
72,https://www.fishbase.de/aquaculture/ProcessingList.php?speccode=249&GenusName=Centrolophus&SpeciesName=niger
73,https://www.fishbase.de/aquaculture/ProcessingList.php?speccode=361&GenusName=Centropristis&SpeciesName=striata
74,https://www.fishbase.de/aquaculture/ProcessingList.php?speccode=90&GenusName=Cetorhinus&SpeciesName=maximus
75,https://www.fishbase.de/aquaculture/ProcessingList.php?speccode=473&GenusName=Chaenocephalus&SpeciesName=aceratus
76,https://www.fishbase.de/aquaculture/ProcessingList.php?speccode=474&GenusName=Champsocephalus&SpeciesName=gunnari
77,https://www.fishbase.de/aquaculture/ProcessingList.php?speccode=5144&GenusName=Channa&SpeciesName=marulius
78,https://www.fishbase.de/aquaculture/ProcessingList.php?speccode=5147&GenusName=Channa&SpeciesName=punctata
79,https://www.fishbase.de/aquaculture/ProcessingList.php?speccode=343&GenusName=Channa&SpeciesName=striata
80,https://www.fishbase.de/aquaculture/ProcessingList.php?speccode=477&GenusName=Channichthys&SpeciesName=rhinoceratus
81,https://www.fishbase.de/aquaculture/ProcessingList.php?speccode=80&GenusName=Chanos&SpeciesName=chanos
82,https://www.fishbase.de/aquaculture/ProcessingList.php?speccode=5504&GenusName=Chelidonichthys&SpeciesName=capensis
83,https://www.fishbase.de/aquaculture/ProcessingList.php?speccode=4940&GenusName=Chelidonichthys&SpeciesName=gabonensis
84,https://www.fishbase.de/aquaculture/ProcessingList.php?speccode=507&GenusName=Chelidonichthys&SpeciesName=kumu
85,https://www.fishbase.de/aquaculture/ProcessingList.php?speccode=1366&GenusName=Chelidonichthys&SpeciesName=lucerna
86,https://www.fishbase.de/aquaculture/ProcessingList.php?speccode=5115&GenusName=Chelon&SpeciesName=dumerili
87,https://www.fishbase.de/aquaculture/ProcessingList.php?speccode=4668&GenusName=Chelon&SpeciesName=parsia
88,https://www.fishbase.de/aquaculture/ProcessingList.php?speccode=5146&GenusName=Chelon&SpeciesName=richardsonii
89,https://www.fishbase.de/aquaculture/ProcessingList.php?speccode=1736&GenusName=Chelon&SpeciesName=saliens
90,https://www.fishbase.de/aquaculture/ProcessingList.php?speccode=5513&GenusName=Chelon&SpeciesName=tricuspidens
91,https://www.fishbase.de/aquaculture/ProcessingList.php?speccode=6358&GenusName=Chirocentrus&SpeciesName=dorab
92,https://www.fishbase.de/aquaculture/ProcessingList.php?speccode=1452&GenusName=Chirocentrus&SpeciesName=nudus
93,https://www.fishbase.de/aquaculture/ProcessingList.php?speccode=5530&GenusName=Chrysoblephus&SpeciesName=puniceus
94,https://www.fishbase.de/aquaculture/ProcessingList.php?speccode=26675&GenusName=Cilus&SpeciesName=gilberti
95,https://www.fishbase.de/aquaculture/ProcessingList.php?speccode=4494&GenusName=Cirrhinus&SpeciesName=cirrhosus
96,https://www.fishbase.de/aquaculture/ProcessingList.php?speccode=3054&GenusName=Clarias&SpeciesName=batrachus
97,https://www.fishbase.de/aquaculture/ProcessingList.php?speccode=1934&GenusName=Clarias&SpeciesName=gariepinus
98,https://www.fishbase.de/aquaculture/ProcessingList.php?speccode=4805&GenusName=Clarias&SpeciesName=macrocephalus
99,https://www.fishbase.de/aquaculture/ProcessingList.php?speccode=24&GenusName=Clupea&SpeciesName=harengus
100,https://www.fishbase.de/aquaculture/ProcessingList.php?speccode=1520&GenusName=Clupea&SpeciesName=pallasii+pallasii
101,https://www.fishbase.de/aquaculture/ProcessingList.php?speccode=12958&GenusName=Colistium&SpeciesName=nudipinnis
102,https://www.fishbase.de/aquaculture/ProcessingList.php?speccode=303&GenusName=Cololabis&SpeciesName=saira
103,https://www.fishbase.de/aquaculture/ProcessingList.php?speccode=263&GenusName=Colossoma&SpeciesName=macropomum
104,https://www.fishbase.de/aquaculture/ProcessingList.php?speccode=301&GenusName=Conger&SpeciesName=conger
105,https://www.fishbase.de/aquaculture/ProcessingList.php?speccode=3517&GenusName=Cookeolus&SpeciesName=japonicus
106,https://www.fishbase.de/aquaculture/ProcessingList.php?speccode=1397&GenusName=Coptodon&SpeciesName=rendalli
107,https://www.fishbase.de/aquaculture/ProcessingList.php?speccode=231&GenusName=Coregonus&SpeciesName=albula
108,https://www.fishbase.de/aquaculture/ProcessingList.php?speccode=235&GenusName=Coregonus&SpeciesName=artedi
109,https://www.fishbase.de/aquaculture/ProcessingList.php?speccode=234&GenusName=Coregonus&SpeciesName=clupeaformis
110,https://www.fishbase.de/aquaculture/ProcessingList.php?speccode=6&GenusName=Coryphaena&SpeciesName=hippurus
111,https://www.fishbase.de/aquaculture/ProcessingList.php?speccode=332&GenusName=Coryphaenoides&SpeciesName=rupestris
112,https://www.fishbase.de/aquaculture/ProcessingList.php?speccode=79&GenusName=Ctenopharyngodon&SpeciesName=idella
113,https://www.fishbase.de/aquaculture/ProcessingList.php?speccode=8028&GenusName=Cubiceps&SpeciesName=whiteleggii
114,https://www.fishbase.de/aquaculture/ProcessingList.php?speccode=62&GenusName=Cyclopterus&SpeciesName=lumpus
115,https://www.fishbase.de/aquaculture/ProcessingList.php?speccode=8238&GenusName=Cynoglossus&SpeciesName=lingua
116,https://www.fishbase.de/aquaculture/ProcessingList.php?speccode=17161&GenusName=Cynoglossus&SpeciesName=semifasciatus
117,https://www.fishbase.de/aquaculture/ProcessingList.php?speccode=405&GenusName=Cynoscion&SpeciesName=nebulosus
118,https://www.fishbase.de/aquaculture/ProcessingList.php?speccode=406&GenusName=Cynoscion&SpeciesName=regalis
119,https://www.fishbase.de/aquaculture/ProcessingList.php?speccode=407&GenusName=Cynoscion&SpeciesName=striatus
120,https://www.fishbase.de/aquaculture/ProcessingList.php?speccode=1450&GenusName=Cyprinus&SpeciesName=carpio
121,https://www.fishbase.de/aquaculture/ProcessingList.php?speccode=1021&GenusName=Dactylopterus&SpeciesName=volitans
122,https://www.fishbase.de/aquaculture/ProcessingList.php?speccode=1939&GenusName=Decapterus&SpeciesName=maruadsi
123,https://www.fishbase.de/aquaculture/ProcessingList.php?speccode=374&GenusName=Decapterus&SpeciesName=russelli
124,https://www.fishbase.de/aquaculture/ProcessingList.php?speccode=4539&GenusName=Dentex&SpeciesName=canariensis
125,https://www.fishbase.de/aquaculture/ProcessingList.php?speccode=439&GenusName=Dentex&SpeciesName=dentex
126,https://www.fishbase.de/aquaculture/ProcessingList.php?speccode=4536&GenusName=Dentex&SpeciesName=gibbosus
127,https://www.fishbase.de/aquaculture/ProcessingList.php?speccode=4538&GenusName=Dentex&SpeciesName=maroccanus
128,https://www.fishbase.de/aquaculture/ProcessingList.php?speccode=4465&GenusName=Diagramma&SpeciesName=pictum
129,https://www.fishbase.de/aquaculture/ProcessingList.php?speccode=467&GenusName=Dissostichus&SpeciesName=eleginoides
130,https://www.fishbase.de/aquaculture/ProcessingList.php?speccode=1454&GenusName=Dussumieria&SpeciesName=elopsoides
131,https://www.fishbase.de/aquaculture/ProcessingList.php?speccode=412&GenusName=Elagatis&SpeciesName=bipinnulata
132,https://www.fishbase.de/aquaculture/ProcessingList.php?speccode=315&GenusName=Eleginus&SpeciesName=gracilis
133,https://www.fishbase.de/aquaculture/ProcessingList.php?speccode=314&GenusName=Eleginus&SpeciesName=nawaga
134,https://www.fishbase.de/aquaculture/ProcessingList.php?speccode=8034&GenusName=Eleotris&SpeciesName=fusca
135,https://www.fishbase.de/aquaculture/ProcessingList.php?speccode=340&GenusName=Eleutheronema&SpeciesName=tetradactylum
136,https://www.fishbase.de/aquaculture/ProcessingList.php?speccode=175&GenusName=Elops&SpeciesName=saurus
137,https://www.fishbase.de/aquaculture/ProcessingList.php?speccode=5023&GenusName=Elops&SpeciesName=senegalensis
138,https://www.fishbase.de/aquaculture/ProcessingList.php?speccode=556&GenusName=Encrasicholina&SpeciesName=heteroloba
139,https://www.fishbase.de/aquaculture/ProcessingList.php?speccode=1659&GenusName=Engraulis&SpeciesName=anchoita
140,https://www.fishbase.de/aquaculture/ProcessingList.php?speccode=66&GenusName=Engraulis&SpeciesName=encrasicolus
141,https://www.fishbase.de/aquaculture/ProcessingList.php?speccode=1663&GenusName=Engraulis&SpeciesName=japonicus
142,https://www.fishbase.de/aquaculture/ProcessingList.php?speccode=1664&GenusName=Engraulis&SpeciesName=mordax
143,https://www.fishbase.de/aquaculture/ProcessingList.php?speccode=4&GenusName=Engraulis&SpeciesName=ringens
144,https://www.fishbase.de/aquaculture/ProcessingList.php?speccode=4237&GenusName=Eopsetta&SpeciesName=jordani
145,https://www.fishbase.de/aquaculture/ProcessingList.php?speccode=426&GenusName=Epinephelus&SpeciesName=aeneus
146,https://www.fishbase.de/aquaculture/ProcessingList.php?speccode=5367&GenusName=Epinephelus&SpeciesName=areolatus
147,https://www.fishbase.de/aquaculture/ProcessingList.php?speccode=5348&GenusName=Epinephelus&SpeciesName=fasciatus
148,https://www.fishbase.de/aquaculture/ProcessingList.php?speccode=6470&GenusName=Epinephelus&SpeciesName=marginatus
149,https://www.fishbase.de/aquaculture/ProcessingList.php?speccode=4923&GenusName=Epinephelus&SpeciesName=merra
150,https://www.fishbase.de/aquaculture/ProcessingList.php?speccode=258&GenusName=Esox&SpeciesName=lucius
151,https://www.fishbase.de/aquaculture/ProcessingList.php?speccode=1385&GenusName=Etelis&SpeciesName=coruscans
152,https://www.fishbase.de/aquaculture/ProcessingList.php?speccode=687&GenusName=Etmopterus&SpeciesName=spinax
153,https://www.fishbase.de/aquaculture/ProcessingList.php?speccode=4681&GenusName=Etroplus&SpeciesName=suratensis
154,https://www.fishbase.de/aquaculture/ProcessingList.php?speccode=1455&GenusName=Etrumeus&SpeciesName=sadina
155,https://www.fishbase.de/aquaculture/ProcessingList.php?speccode=908&GenusName=Eusphyra&SpeciesName=blochii
156,https://www.fishbase.de/aquaculture/ProcessingList.php?speccode=96&GenusName=Euthynnus&SpeciesName=affinis
157,https://www.fishbase.de/aquaculture/ProcessingList.php?speccode=97&GenusName=Euthynnus&SpeciesName=alletteratus
158,https://www.fishbase.de/aquaculture/ProcessingList.php?speccode=68&GenusName=Eutrigla&SpeciesName=gurnardus
159,https://www.fishbase.de/aquaculture/ProcessingList.php?speccode=1032&GenusName=Exocoetus&SpeciesName=volitans
160,https://www.fishbase.de/aquaculture/ProcessingList.php?speccode=3276&GenusName=Fistularia&SpeciesName=petimba
161,https://www.fishbase.de/aquaculture/ProcessingList.php?speccode=318&GenusName=Gadus&SpeciesName=chalcogrammus
162,https://www.fishbase.de/aquaculture/ProcessingList.php?speccode=308&GenusName=Gadus&SpeciesName=macrocephalus
163,https://www.fishbase.de/aquaculture/ProcessingList.php?speccode=69&GenusName=Gadus&SpeciesName=morhua
164,https://www.fishbase.de/aquaculture/ProcessingList.php?speccode=7579&GenusName=Galaxias&SpeciesName=maculatus
165,https://www.fishbase.de/aquaculture/ProcessingList.php?speccode=886&GenusName=Galeocerdo&SpeciesName=cuvier
166,https://www.fishbase.de/aquaculture/ProcessingList.php?speccode=341&GenusName=Galeoides&SpeciesName=decadactylus
167,https://www.fishbase.de/aquaculture/ProcessingList.php?speccode=4642&GenusName=Galeorhinus&SpeciesName=galeus
168,https://www.fishbase.de/aquaculture/ProcessingList.php?speccode=482&GenusName=Genypterus&SpeciesName=blacodes
169,https://www.fishbase.de/aquaculture/ProcessingList.php?speccode=485&GenusName=Genypterus&SpeciesName=capensis
170,https://www.fishbase.de/aquaculture/ProcessingList.php?speccode=4439&GenusName=Gibelion&SpeciesName=catla
171,https://www.fishbase.de/aquaculture/ProcessingList.php?speccode=2532&GenusName=Ginglymostoma&SpeciesName=cirratum
172,https://www.fishbase.de/aquaculture/ProcessingList.php?speccode=2074&GenusName=Glaucostegus&SpeciesName=cemiculus
173,https://www.fishbase.de/aquaculture/ProcessingList.php?speccode=26&GenusName=Glyptocephalus&SpeciesName=cynoglossus
174,https://www.fishbase.de/aquaculture/ProcessingList.php?speccode=4238&GenusName=Glyptocephalus&SpeciesName=zachirus
175,https://www.fishbase.de/aquaculture/ProcessingList.php?speccode=4464&GenusName=Gnathanodon&SpeciesName=speciosus
176,https://www.fishbase.de/aquaculture/ProcessingList.php?speccode=1833&GenusName=Gymnocranius&SpeciesName=griseus
177,https://www.fishbase.de/aquaculture/ProcessingList.php?speccode=106&GenusName=Gymnosarda&SpeciesName=unicolor
178,https://www.fishbase.de/aquaculture/ProcessingList.php?speccode=6990&GenusName=Gymnoscopelus&SpeciesName=nicholsi
179,https://www.fishbase.de/aquaculture/ProcessingList.php?speccode=1135&GenusName=Haemulon&SpeciesName=flavolineatum
180,https://www.fishbase.de/aquaculture/ProcessingList.php?speccode=1140&GenusName=Haemulon&SpeciesName=plumierii
181,https://www.fishbase.de/aquaculture/ProcessingList.php?speccode=260&GenusName=Harpadon&SpeciesName=nehereus
182,https://www.fishbase.de/aquaculture/ProcessingList.php?speccode=76&GenusName=Helicolenus&SpeciesName=dactylopterus
183,https://www.fishbase.de/aquaculture/ProcessingList.php?speccode=5636&GenusName=Hemigymnus&SpeciesName=melapterus
184,https://www.fishbase.de/aquaculture/ProcessingList.php?speccode=5404&GenusName=Hemiramphus&SpeciesName=far
185,https://www.fishbase.de/aquaculture/ProcessingList.php?speccode=4097&GenusName=Hemitripterus&SpeciesName=americanus
186,https://www.fishbase.de/aquaculture/ProcessingList.php?speccode=6598&GenusName=Hexagrammos&SpeciesName=otakii
187,https://www.fishbase.de/aquaculture/ProcessingList.php?speccode=637&GenusName=Hexanchus&SpeciesName=griseus
188,https://www.fishbase.de/aquaculture/ProcessingList.php?speccode=519&GenusName=Hippoglossoides&SpeciesName=elassodon
189,https://www.fishbase.de/aquaculture/ProcessingList.php?speccode=4239&GenusName=Hippoglossoides&SpeciesName=platessoides
190,https://www.fishbase.de/aquaculture/ProcessingList.php?speccode=1371&GenusName=Hippoglossus&SpeciesName=hippoglossus
191,https://www.fishbase.de/aquaculture/ProcessingList.php?speccode=514&GenusName=Hippoglossus&SpeciesName=stenolepis
192,https://www.fishbase.de/aquaculture/ProcessingList.php?speccode=334&GenusName=Hoplostethus&SpeciesName=atlanticus
193,https://www.fishbase.de/aquaculture/ProcessingList.php?speccode=8681&GenusName=Hucho&SpeciesName=taimen
194,https://www.fishbase.de/aquaculture/ProcessingList.php?speccode=2067&GenusName=Huso&SpeciesName=huso
195,https://www.fishbase.de/aquaculture/ProcessingList.php?speccode=496&GenusName=Hyperoglyphe&SpeciesName=antarctica
196,https://www.fishbase.de/aquaculture/ProcessingList.php?speccode=1374&GenusName=Hyperoplus&SpeciesName=lanceolatus
197,https://www.fishbase.de/aquaculture/ProcessingList.php?speccode=274&GenusName=Hypophthalmichthys&SpeciesName=molitrix
198,https://www.fishbase.de/aquaculture/ProcessingList.php?speccode=275&GenusName=Hypophthalmichthys&SpeciesName=nobilis
199,https://www.fishbase.de/aquaculture/ProcessingList.php?speccode=13219&GenusName=Hypselobarbus&SpeciesName=mussullah
200,https://www.fishbase.de/aquaculture/ProcessingList.php?speccode=3019&GenusName=Ictalurus&SpeciesName=furcatus
201,https://www.fishbase.de/aquaculture/ProcessingList.php?speccode=290&GenusName=Ictalurus&SpeciesName=punctatus
202,https://www.fishbase.de/aquaculture/ProcessingList.php?speccode=2992&GenusName=Ictiobus&SpeciesName=bubalus
203,https://www.fishbase.de/aquaculture/ProcessingList.php?speccode=1627&GenusName=Ilisha&SpeciesName=elongata
204,https://www.fishbase.de/aquaculture/ProcessingList.php?speccode=1628&GenusName=Ilisha&SpeciesName=filigera
205,https://www.fishbase.de/aquaculture/ProcessingList.php?speccode=1633&GenusName=Ilisha&SpeciesName=melastoma
206,https://www.fishbase.de/aquaculture/ProcessingList.php?speccode=78&GenusName=Istiophorus&SpeciesName=albicans
207,https://www.fishbase.de/aquaculture/ProcessingList.php?speccode=77&GenusName=Istiophorus&SpeciesName=platypterus
208,https://www.fishbase.de/aquaculture/ProcessingList.php?speccode=752&GenusName=Isurus&SpeciesName=oxyrinchus
209,https://www.fishbase.de/aquaculture/ProcessingList.php?speccode=5520&GenusName=Johnius&SpeciesName=belangerii
210,https://www.fishbase.de/aquaculture/ProcessingList.php?speccode=28016&GenusName=Johnius&SpeciesName=dorsalis
211,https://www.fishbase.de/aquaculture/ProcessingList.php?speccode=6530&GenusName=Johnius&SpeciesName=dussumieri
212,https://www.fishbase.de/aquaculture/ProcessingList.php?speccode=13667&GenusName=Johnius&SpeciesName=glaucus
213,https://www.fishbase.de/aquaculture/ProcessingList.php?speccode=7796&GenusName=Johnius&SpeciesName=goldmani
214,https://www.fishbase.de/aquaculture/ProcessingList.php?speccode=223&GenusName=Kajikia&SpeciesName=audax
215,https://www.fishbase.de/aquaculture/ProcessingList.php?speccode=4574&GenusName=Karalla&SpeciesName=daura
216,https://www.fishbase.de/aquaculture/ProcessingList.php?speccode=12920&GenusName=Kathetostoma&SpeciesName=giganteum
217,https://www.fishbase.de/aquaculture/ProcessingList.php?speccode=107&GenusName=Katsuwonus&SpeciesName=pelamis
218,https://www.fishbase.de/aquaculture/ProcessingList.php?speccode=5151&GenusName=Labeo&SpeciesName=calbasu
219,https://www.fishbase.de/aquaculture/ProcessingList.php?speccode=4636&GenusName=Labeo&SpeciesName=niloticus
220,https://www.fishbase.de/aquaculture/ProcessingList.php?speccode=13179&GenusName=Labeo&SpeciesName=potail
221,https://www.fishbase.de/aquaculture/ProcessingList.php?speccode=82&GenusName=Labeo&SpeciesName=rohita
222,https://www.fishbase.de/aquaculture/ProcessingList.php?speccode=1071&GenusName=Lachnolaimus&SpeciesName=maximus
223,https://www.fishbase.de/aquaculture/ProcessingList.php?speccode=363&GenusName=Lactarius&SpeciesName=lactarius
224,https://www.fishbase.de/aquaculture/ProcessingList.php?speccode=2014&GenusName=Laemonema&SpeciesName=longipes
225,https://www.fishbase.de/aquaculture/ProcessingList.php?speccode=755&GenusName=Lamna&SpeciesName=ditropis
226,https://www.fishbase.de/aquaculture/ProcessingList.php?speccode=88&GenusName=Lamna&SpeciesName=nasus
227,https://www.fishbase.de/aquaculture/ProcessingList.php?speccode=4480&GenusName=Lampetra&SpeciesName=fluviatilis
228,https://www.fishbase.de/aquaculture/ProcessingList.php?speccode=1072&GenusName=Lampris&SpeciesName=guttatus
229,https://www.fishbase.de/aquaculture/ProcessingList.php?speccode=428&GenusName=Larimichthys&SpeciesName=crocea
230,https://www.fishbase.de/aquaculture/ProcessingList.php?speccode=416&GenusName=Larimichthys&SpeciesName=polyactis
231,https://www.fishbase.de/aquaculture/ProcessingList.php?speccode=4589&GenusName=Lateolabrax&SpeciesName=japonicus
232,https://www.fishbase.de/aquaculture/ProcessingList.php?speccode=346&GenusName=Lates&SpeciesName=calcarifer
233,https://www.fishbase.de/aquaculture/ProcessingList.php?speccode=347&GenusName=Lates&SpeciesName=niloticus
234,https://www.fishbase.de/aquaculture/ProcessingList.php?speccode=4451&GenusName=Leiognathus&SpeciesName=equulus
235,https://www.fishbase.de/aquaculture/ProcessingList.php?speccode=7045&GenusName=Lepidonotothen&SpeciesName=squamifrons
236,https://www.fishbase.de/aquaculture/ProcessingList.php?speccode=645&GenusName=Lepidopus&SpeciesName=caudatus
237,https://www.fishbase.de/aquaculture/ProcessingList.php?speccode=4469&GenusName=Leptomelanosoma&SpeciesName=indicum
238,https://www.fishbase.de/aquaculture/ProcessingList.php?speccode=1843&GenusName=Lethrinus&SpeciesName=mahsena
239,https://www.fishbase.de/aquaculture/ProcessingList.php?speccode=1858&GenusName=Lethrinus&SpeciesName=miniatus
240,https://www.fishbase.de/aquaculture/ProcessingList.php?speccode=1846&GenusName=Lethrinus&SpeciesName=nebulosus
241,https://www.fishbase.de/aquaculture/ProcessingList.php?speccode=1864&GenusName=Lethrinus&SpeciesName=olivaceus
242,https://www.fishbase.de/aquaculture/ProcessingList.php?speccode=520&GenusName=Limanda&SpeciesName=aspera
243,https://www.fishbase.de/aquaculture/ProcessingList.php?speccode=521&GenusName=Limanda&SpeciesName=ferruginea
244,https://www.fishbase.de/aquaculture/ProcessingList.php?speccode=695&GenusName=Limanda&SpeciesName=limanda
245,https://www.fishbase.de/aquaculture/ProcessingList.php?speccode=716&GenusName=Lophius&SpeciesName=piscatorius
246,https://www.fishbase.de/aquaculture/ProcessingList.php?speccode=362&GenusName=Lopholatilus&SpeciesName=chamaeleonticeps
247,https://www.fishbase.de/aquaculture/ProcessingList.php?speccode=1401&GenusName=Lutjanus&SpeciesName=agennes
248,https://www.fishbase.de/aquaculture/ProcessingList.php?speccode=1403&GenusName=Lutjanus&SpeciesName=analis
249,https://www.fishbase.de/aquaculture/ProcessingList.php?speccode=1417&GenusName=Lutjanus&SpeciesName=bohar
250,https://www.fishbase.de/aquaculture/ProcessingList.php?speccode=1423&GenusName=Lutjanus&SpeciesName=campechanus
251,https://www.fishbase.de/aquaculture/ProcessingList.php?speccode=1427&GenusName=Lutjanus&SpeciesName=cyanopterus
252,https://www.fishbase.de/aquaculture/ProcessingList.php?speccode=1406&GenusName=Lutjanus&SpeciesName=erythropterus
253,https://www.fishbase.de/aquaculture/ProcessingList.php?speccode=261&GenusName=Lutjanus&SpeciesName=fulviflamma
254,https://www.fishbase.de/aquaculture/ProcessingList.php?speccode=266&GenusName=Lutjanus&SpeciesName=griseus
255,https://www.fishbase.de/aquaculture/ProcessingList.php?speccode=264&GenusName=Lutjanus&SpeciesName=johnii
256,https://www.fishbase.de/aquaculture/ProcessingList.php?speccode=156&GenusName=Lutjanus&SpeciesName=kasmira
257,https://www.fishbase.de/aquaculture/ProcessingList.php?speccode=162&GenusName=Lutjanus&SpeciesName=malabaricus
258,https://www.fishbase.de/aquaculture/ProcessingList.php?speccode=177&GenusName=Lutjanus&SpeciesName=sanguineus
259,https://www.fishbase.de/aquaculture/ProcessingList.php?speccode=178&GenusName=Lutjanus&SpeciesName=sebae
260,https://www.fishbase.de/aquaculture/ProcessingList.php?speccode=181&GenusName=Lutjanus&SpeciesName=synagris
261,https://www.fishbase.de/aquaculture/ProcessingList.php?speccode=184&GenusName=Lutjanus&SpeciesName=vitta
262,https://www.fishbase.de/aquaculture/ProcessingList.php?speccode=5152&GenusName=Macrognathus&SpeciesName=aculeatus
263,https://www.fishbase.de/aquaculture/ProcessingList.php?speccode=331&GenusName=Macrourus&SpeciesName=berglax
264,https://www.fishbase.de/aquaculture/ProcessingList.php?speccode=329&GenusName=Macruronus&SpeciesName=magellanicus
265,https://www.fishbase.de/aquaculture/ProcessingList.php?speccode=1825&GenusName=Macruronus&SpeciesName=novaezelandiae
266,https://www.fishbase.de/aquaculture/ProcessingList.php?speccode=218&GenusName=Makaira&SpeciesName=mazara
267,https://www.fishbase.de/aquaculture/ProcessingList.php?speccode=216&GenusName=Makaira&SpeciesName=nigricans
268,https://www.fishbase.de/aquaculture/ProcessingList.php?speccode=252&GenusName=Mallotus&SpeciesName=villosus
269,https://www.fishbase.de/aquaculture/ProcessingList.php?speccode=384&GenusName=Megalaspis&SpeciesName=cordyla
270,https://www.fishbase.de/aquaculture/ProcessingList.php?speccode=1079&GenusName=Megalops&SpeciesName=atlanticus
271,https://www.fishbase.de/aquaculture/ProcessingList.php?speccode=227&GenusName=Megalops&SpeciesName=cyprinoides
272,https://www.fishbase.de/aquaculture/ProcessingList.php?speccode=1381&GenusName=Melanogrammus&SpeciesName=aeglefinus
273,https://www.fishbase.de/aquaculture/ProcessingList.php?speccode=390&GenusName=Mene&SpeciesName=maculata
274,https://www.fishbase.de/aquaculture/ProcessingList.php?speccode=29&GenusName=Merlangius&SpeciesName=merlangus
275,https://www.fishbase.de/aquaculture/ProcessingList.php?speccode=322&GenusName=Merluccius&SpeciesName=australis
276,https://www.fishbase.de/aquaculture/ProcessingList.php?speccode=323&GenusName=Merluccius&SpeciesName=bilinearis
277,https://www.fishbase.de/aquaculture/ProcessingList.php?speccode=1828&GenusName=Merluccius&SpeciesName=capensis
278,https://www.fishbase.de/aquaculture/ProcessingList.php?speccode=325&GenusName=Merluccius&SpeciesName=hubbsi
279,https://www.fishbase.de/aquaculture/ProcessingList.php?speccode=30&GenusName=Merluccius&SpeciesName=merluccius
280,https://www.fishbase.de/aquaculture/ProcessingList.php?speccode=326&GenusName=Merluccius&SpeciesName=productus
281,https://www.fishbase.de/aquaculture/ProcessingList.php?speccode=320&GenusName=Micromesistius&SpeciesName=australis
282,https://www.fishbase.de/aquaculture/ProcessingList.php?speccode=31&GenusName=Micromesistius&SpeciesName=poutassou
283,https://www.fishbase.de/aquaculture/ProcessingList.php?speccode=408&GenusName=Micropogonias&SpeciesName=undulatus
284,https://www.fishbase.de/aquaculture/ProcessingList.php?speccode=1382&GenusName=Microstomus&SpeciesName=kitt
285,https://www.fishbase.de/aquaculture/ProcessingList.php?speccode=1383&GenusName=Molva&SpeciesName=dypterygia
286,https://www.fishbase.de/aquaculture/ProcessingList.php?speccode=33&GenusName=Molva&SpeciesName=molva
287,https://www.fishbase.de/aquaculture/ProcessingList.php?speccode=353&GenusName=Morone&SpeciesName=saxatilis
288,https://www.fishbase.de/aquaculture/ProcessingList.php?speccode=785&GenusName=Mugil&SpeciesName=cephalus
289,https://www.fishbase.de/aquaculture/ProcessingList.php?speccode=790&GenusName=Mullus&SpeciesName=barbatus+barbatus
290,https://www.fishbase.de/aquaculture/ProcessingList.php?speccode=1327&GenusName=Mullus&SpeciesName=surmuletus
291,https://www.fishbase.de/aquaculture/ProcessingList.php?speccode=1729&GenusName=Muraena&SpeciesName=helena
292,https://www.fishbase.de/aquaculture/ProcessingList.php?speccode=298&GenusName=Muraenesox&SpeciesName=cinereus
293,https://www.fishbase.de/aquaculture/ProcessingList.php?speccode=2539&GenusName=Mustelus&SpeciesName=canis
294,https://www.fishbase.de/aquaculture/ProcessingList.php?speccode=2540&GenusName=Mustelus&SpeciesName=henlei
295,https://www.fishbase.de/aquaculture/ProcessingList.php?speccode=5941&GenusName=Mustelus&SpeciesName=manazo
296,https://www.fishbase.de/aquaculture/ProcessingList.php?speccode=4996&GenusName=Mustelus&SpeciesName=mustelus
297,https://www.fishbase.de/aquaculture/ProcessingList.php?speccode=1211&GenusName=Mycteroperca&SpeciesName=interstitialis
298,https://www.fishbase.de/aquaculture/ProcessingList.php?speccode=1214&GenusName=Mycteroperca&SpeciesName=rubra
299,https://www.fishbase.de/aquaculture/ProcessingList.php?speccode=4602&GenusName=Mylopharyngodon&SpeciesName=piceus
300,https://www.fishbase.de/aquaculture/ProcessingList.php?speccode=4117&GenusName=Myoxocephalus&SpeciesName=aenaeus
301,https://www.fishbase.de/aquaculture/ProcessingList.php?speccode=897&GenusName=Negaprion&SpeciesName=brevirostris
302,https://www.fishbase.de/aquaculture/ProcessingList.php?speccode=460&GenusName=Nemadactylus&SpeciesName=bergi
303,https://www.fishbase.de/aquaculture/ProcessingList.php?speccode=11994&GenusName=Nemadactylus&SpeciesName=douglasii
304,https://www.fishbase.de/aquaculture/ProcessingList.php?speccode=4559&GenusName=Nemipterus&SpeciesName=japonicus
305,https://www.fishbase.de/aquaculture/ProcessingList.php?speccode=396&GenusName=Nemipterus&SpeciesName=virgatus
306,https://www.fishbase.de/aquaculture/ProcessingList.php?speccode=229&GenusName=Nemoossis&SpeciesName=belloci
307,https://www.fishbase.de/aquaculture/ProcessingList.php?speccode=10220&GenusName=Netuma&SpeciesName=thalassina
308,https://www.fishbase.de/aquaculture/ProcessingList.php?speccode=8309&GenusName=Nibea&SpeciesName=soldado
309,https://www.fishbase.de/aquaculture/ProcessingList.php?speccode=2531&GenusName=Notorynchus&SpeciesName=cepedianus
310,https://www.fishbase.de/aquaculture/ProcessingList.php?speccode=188&GenusName=Ocyurus&SpeciesName=chrysurus
311,https://www.fishbase.de/aquaculture/ProcessingList.php?speccode=1311&GenusName=Odonus&SpeciesName=niger
312,https://www.fishbase.de/aquaculture/ProcessingList.php?speccode=240&GenusName=Oncorhynchus&SpeciesName=gorbuscha
313,https://www.fishbase.de/aquaculture/ProcessingList.php?speccode=241&GenusName=Oncorhynchus&SpeciesName=keta
314,https://www.fishbase.de/aquaculture/ProcessingList.php?speccode=245&GenusName=Oncorhynchus&SpeciesName=kisutch
315,https://www.fishbase.de/aquaculture/ProcessingList.php?speccode=242&GenusName=Oncorhynchus&SpeciesName=masou
316,https://www.fishbase.de/aquaculture/ProcessingList.php?speccode=239&GenusName=Oncorhynchus&SpeciesName=mykiss
317,https://www.fishbase.de/aquaculture/ProcessingList.php?speccode=243&GenusName=Oncorhynchus&SpeciesName=nerka
318,https://www.fishbase.de/aquaculture/ProcessingList.php?speccode=509&GenusName=Ophiodon&SpeciesName=elongatus
319,https://www.fishbase.de/aquaculture/ProcessingList.php?speccode=1486&GenusName=Opisthonema&SpeciesName=oglinum
320,https://www.fishbase.de/aquaculture/ProcessingList.php?speccode=108&GenusName=Orcynopsis&SpeciesName=unicolor
321,https://www.fishbase.de/aquaculture/ProcessingList.php?speccode=3&GenusName=Oreochromis&SpeciesName=mossambicus
322,https://www.fishbase.de/aquaculture/ProcessingList.php?speccode=2&GenusName=Oreochromis&SpeciesName=niloticus
323,https://www.fishbase.de/aquaculture/ProcessingList.php?speccode=253&GenusName=Osmerus&SpeciesName=mordax
324,https://www.fishbase.de/aquaculture/ProcessingList.php?speccode=4700&GenusName=Osteomugil&SpeciesName=cunnesius
325,https://www.fishbase.de/aquaculture/ProcessingList.php?speccode=4824&GenusName=Otolithes&SpeciesName=ruber
326,https://www.fishbase.de/aquaculture/ProcessingList.php?speccode=4570&GenusName=Otolithoides&SpeciesName=biauritus
327,https://www.fishbase.de/aquaculture/ProcessingList.php?speccode=890&GenusName=Pagellus&SpeciesName=bogaraveo
328,https://www.fishbase.de/aquaculture/ProcessingList.php?speccode=445&GenusName=Pagrus&SpeciesName=major
329,https://www.fishbase.de/aquaculture/ProcessingList.php?speccode=1756&GenusName=Pagrus&SpeciesName=pagrus
330,https://www.fishbase.de/aquaculture/ProcessingList.php?speccode=491&GenusName=Pampus&SpeciesName=argenteus
331,https://www.fishbase.de/aquaculture/ProcessingList.php?speccode=8187&GenusName=Pampus&SpeciesName=chinensis
332,https://www.fishbase.de/aquaculture/ProcessingList.php?speccode=1338&GenusName=Paralichthys&SpeciesName=dentatus
333,https://www.fishbase.de/aquaculture/ProcessingList.php?speccode=981&GenusName=Paralichthys&SpeciesName=lethostigma
334,https://www.fishbase.de/aquaculture/ProcessingList.php?speccode=1351&GenusName=Paralichthys&SpeciesName=olivaceus
335,https://www.fishbase.de/aquaculture/ProcessingList.php?speccode=522&GenusName=Paraplagusia&SpeciesName=bilineata
336,https://www.fishbase.de/aquaculture/ProcessingList.php?speccode=8092&GenusName=Parapristipoma&SpeciesName=octolineatum
337,https://www.fishbase.de/aquaculture/ProcessingList.php?speccode=4584&GenusName=Parapristipoma&SpeciesName=trilineatum
338,https://www.fishbase.de/aquaculture/ProcessingList.php?speccode=1947&GenusName=Parastromateus&SpeciesName=niger
339,https://www.fishbase.de/aquaculture/ProcessingList.php?speccode=5990&GenusName=Parupeneus&SpeciesName=cyclostomus
340,https://www.fishbase.de/aquaculture/ProcessingList.php?speccode=5991&GenusName=Parupeneus&SpeciesName=heptacanthus
341,https://www.fishbase.de/aquaculture/ProcessingList.php?speccode=1336&GenusName=Pegusa&SpeciesName=lascaris
342,https://www.fishbase.de/aquaculture/ProcessingList.php?speccode=492&GenusName=Peprilus&SpeciesName=triacanthus
343,https://www.fishbase.de/aquaculture/ProcessingList.php?speccode=359&GenusName=Perca&SpeciesName=flavescens
344,https://www.fishbase.de/aquaculture/ProcessingList.php?speccode=358&GenusName=Perca&SpeciesName=fluviatilis
345,https://www.fishbase.de/aquaculture/ProcessingList.php?speccode=5737&GenusName=Platax&SpeciesName=orbicularis
346,https://www.fishbase.de/aquaculture/ProcessingList.php?speccode=1341&GenusName=Platichthys&SpeciesName=flesus
347,https://www.fishbase.de/aquaculture/ProcessingList.php?speccode=4249&GenusName=Platichthys&SpeciesName=stellatus
348,https://www.fishbase.de/aquaculture/ProcessingList.php?speccode=251&GenusName=Plecoglossus&SpeciesName=altivelis
349,https://www.fishbase.de/aquaculture/ProcessingList.php?speccode=398&GenusName=Plectorhinchus&SpeciesName=mediterraneus
350,https://www.fishbase.de/aquaculture/ProcessingList.php?speccode=4886&GenusName=Plectropomus&SpeciesName=maculatus
351,https://www.fishbase.de/aquaculture/ProcessingList.php?speccode=510&GenusName=Pleurogrammus&SpeciesName=azonus
352,https://www.fishbase.de/aquaculture/ProcessingList.php?speccode=4037&GenusName=Pleurogrammus&SpeciesName=monopterygius
353,https://www.fishbase.de/aquaculture/ProcessingList.php?speccode=1342&GenusName=Pleuronectes&SpeciesName=platessa
354,https://www.fishbase.de/aquaculture/ProcessingList.php?speccode=4250&GenusName=Pleuronectes&SpeciesName=quadrituberculatus
355,https://www.fishbase.de/aquaculture/ProcessingList.php?speccode=1287&GenusName=Plicofollis&SpeciesName=dussumieri
356,https://www.fishbase.de/aquaculture/ProcessingList.php?speccode=1343&GenusName=Pollachius&SpeciesName=virens
357,https://www.fishbase.de/aquaculture/ProcessingList.php?speccode=7557&GenusName=Polymixia&SpeciesName=nobilis
358,https://www.fishbase.de/aquaculture/ProcessingList.php?speccode=349&GenusName=Polyprion&SpeciesName=americanus
359,https://www.fishbase.de/aquaculture/ProcessingList.php?speccode=350&GenusName=Polyprion&SpeciesName=oxygeneios
360,https://www.fishbase.de/aquaculture/ProcessingList.php?speccode=399&GenusName=Pomadasys&SpeciesName=argenteus
361,https://www.fishbase.de/aquaculture/ProcessingList.php?speccode=4823&GenusName=Pomadasys&SpeciesName=argyreus
362,https://www.fishbase.de/aquaculture/ProcessingList.php?speccode=5126&GenusName=Pomadasys&SpeciesName=commersonnii
363,https://www.fishbase.de/aquaculture/ProcessingList.php?speccode=4708&GenusName=Pomadasys&SpeciesName=jubelini
364,https://www.fishbase.de/aquaculture/ProcessingList.php?speccode=364&GenusName=Pomatomus&SpeciesName=saltatrix
365,https://www.fishbase.de/aquaculture/ProcessingList.php?speccode=1149&GenusName=Priacanthus&SpeciesName=arenatus
366,https://www.fishbase.de/aquaculture/ProcessingList.php?speccode=356&GenusName=Priacanthus&SpeciesName=macracanthus
367,https://www.fishbase.de/aquaculture/ProcessingList.php?speccode=898&GenusName=Prionace&SpeciesName=glauca
368,https://www.fishbase.de/aquaculture/ProcessingList.php?speccode=1243&GenusName=Prionotus&SpeciesName=carolinus
369,https://www.fishbase.de/aquaculture/ProcessingList.php?speccode=721&GenusName=Pristiophorus&SpeciesName=cirratus
370,https://www.fishbase.de/aquaculture/ProcessingList.php?speccode=2057&GenusName=Pristis&SpeciesName=pectinata
371,https://www.fishbase.de/aquaculture/ProcessingList.php?speccode=4571&GenusName=Protonibea&SpeciesName=diacanthus
372,https://www.fishbase.de/aquaculture/ProcessingList.php?speccode=497&GenusName=Psenopsis&SpeciesName=anomala
373,https://www.fishbase.de/aquaculture/ProcessingList.php?speccode=4504&GenusName=Psettodes&SpeciesName=belcheri
374,https://www.fishbase.de/aquaculture/ProcessingList.php?speccode=513&GenusName=Psettodes&SpeciesName=erumei
375,https://www.fishbase.de/aquaculture/ProcessingList.php?speccode=1002&GenusName=Pseudocaranx&SpeciesName=dentex
376,https://www.fishbase.de/aquaculture/ProcessingList.php?speccode=475&GenusName=Pseudochaenichthys&SpeciesName=georgianus
377,https://www.fishbase.de/aquaculture/ProcessingList.php?speccode=2020&GenusName=Pseudophycis&SpeciesName=bachus
378,https://www.fishbase.de/aquaculture/ProcessingList.php?speccode=3542&GenusName=Rachycentron&SpeciesName=canadum
379,https://www.fishbase.de/aquaculture/ProcessingList.php?speccode=2059&GenusName=Raja&SpeciesName=clavata
380,https://www.fishbase.de/aquaculture/ProcessingList.php?speccode=109&GenusName=Rastrelliger&SpeciesName=brachysoma
381,https://www.fishbase.de/aquaculture/ProcessingList.php?speccode=111&GenusName=Rastrelliger&SpeciesName=kanagurta
382,https://www.fishbase.de/aquaculture/ProcessingList.php?speccode=516&GenusName=Reinhardtius&SpeciesName=hippoglossoides
383,https://www.fishbase.de/aquaculture/ProcessingList.php?speccode=5368&GenusName=Rhabdosargus&SpeciesName=sarba
384,https://www.fishbase.de/aquaculture/ProcessingList.php?speccode=8729&GenusName=Rhina&SpeciesName=ancylostoma
385,https://www.fishbase.de/aquaculture/ProcessingList.php?speccode=2081&GenusName=Rhincodon&SpeciesName=typus
386,https://www.fishbase.de/aquaculture/ProcessingList.php?speccode=5338&GenusName=Rhinomugil&SpeciesName=corsula
387,https://www.fishbase.de/aquaculture/ProcessingList.php?speccode=899&GenusName=Rhizoprionodon&SpeciesName=acutus
388,https://www.fishbase.de/aquaculture/ProcessingList.php?speccode=213&GenusName=Rhomboplites&SpeciesName=aurorubens
389,https://www.fishbase.de/aquaculture/ProcessingList.php?speccode=5503&GenusName=Rhynchobatus&SpeciesName=djiddensis
390,https://www.fishbase.de/aquaculture/ProcessingList.php?speccode=272&GenusName=Rutilus&SpeciesName=rutilus
391,https://www.fishbase.de/aquaculture/ProcessingList.php?speccode=1044&GenusName=Ruvettus&SpeciesName=pretiosus
392,https://www.fishbase.de/aquaculture/ProcessingList.php?speccode=306&GenusName=Salilota&SpeciesName=australis
393,https://www.fishbase.de/aquaculture/ProcessingList.php?speccode=236&GenusName=Salmo&SpeciesName=salar
394,https://www.fishbase.de/aquaculture/ProcessingList.php?speccode=238&GenusName=Salmo&SpeciesName=trutta
395,https://www.fishbase.de/aquaculture/ProcessingList.php?speccode=247&GenusName=Salvelinus&SpeciesName=alpinus
396,https://www.fishbase.de/aquaculture/ProcessingList.php?speccode=246&GenusName=Salvelinus&SpeciesName=fontinalis
397,https://www.fishbase.de/aquaculture/ProcessingList.php?speccode=6411&GenusName=Salvelinus&SpeciesName=leucomaenis
398,https://www.fishbase.de/aquaculture/ProcessingList.php?speccode=2691&GenusName=Salvelinus&SpeciesName=malma
399,https://www.fishbase.de/aquaculture/ProcessingList.php?speccode=360&GenusName=Sander&SpeciesName=lucioperca
400,https://www.fishbase.de/aquaculture/ProcessingList.php?speccode=3516&GenusName=Sander&SpeciesName=vitreus
401,https://www.fishbase.de/aquaculture/ProcessingList.php?speccode=113&GenusName=Sarda&SpeciesName=chiliensis
402,https://www.fishbase.de/aquaculture/ProcessingList.php?speccode=114&GenusName=Sarda&SpeciesName=orientalis
403,https://www.fishbase.de/aquaculture/ProcessingList.php?speccode=115&GenusName=Sarda&SpeciesName=sarda
404,https://www.fishbase.de/aquaculture/ProcessingList.php?speccode=1350&GenusName=Sardina&SpeciesName=pilchardus
405,https://www.fishbase.de/aquaculture/ProcessingList.php?speccode=1043&GenusName=Sardinella&SpeciesName=aurita
406,https://www.fishbase.de/aquaculture/ProcessingList.php?speccode=1507&GenusName=Sardinella&SpeciesName=fimbriata
407,https://www.fishbase.de/aquaculture/ProcessingList.php?speccode=1509&GenusName=Sardinella&SpeciesName=jussieu
408,https://www.fishbase.de/aquaculture/ProcessingList.php?speccode=1511&GenusName=Sardinella&SpeciesName=longiceps
409,https://www.fishbase.de/aquaculture/ProcessingList.php?speccode=1047&GenusName=Sardinella&SpeciesName=maderensis
410,https://www.fishbase.de/aquaculture/ProcessingList.php?speccode=1477&GenusName=Sardinops&SpeciesName=sagax
411,https://www.fishbase.de/aquaculture/ProcessingList.php?speccode=1389&GenusName=Sarotherodon&SpeciesName=galilaeus
412,https://www.fishbase.de/aquaculture/ProcessingList.php?speccode=204&GenusName=Sarpa&SpeciesName=salpa
413,https://www.fishbase.de/aquaculture/ProcessingList.php?speccode=4764&GenusName=Saurida&SpeciesName=elongata
414,https://www.fishbase.de/aquaculture/ProcessingList.php?speccode=6479&GenusName=Saurida&SpeciesName=tumbil
415,https://www.fishbase.de/aquaculture/ProcessingList.php?speccode=1707&GenusName=Sciaena&SpeciesName=umbra
416,https://www.fishbase.de/aquaculture/ProcessingList.php?speccode=1191&GenusName=Sciaenops&SpeciesName=ocellatus
417,https://www.fishbase.de/aquaculture/ProcessingList.php?speccode=906&GenusName=Scoliodon&SpeciesName=laticaudus
418,https://www.fishbase.de/aquaculture/ProcessingList.php?speccode=116&GenusName=Scomber&SpeciesName=australasicus
419,https://www.fishbase.de/aquaculture/ProcessingList.php?speccode=117&GenusName=Scomber&SpeciesName=japonicus
420,https://www.fishbase.de/aquaculture/ProcessingList.php?speccode=118&GenusName=Scomber&SpeciesName=scombrus
421,https://www.fishbase.de/aquaculture/ProcessingList.php?speccode=1084&GenusName=Scomberesox&SpeciesName=saurus
422,https://www.fishbase.de/aquaculture/ProcessingList.php?speccode=1950&GenusName=Scomberoides&SpeciesName=commersonnianus
423,https://www.fishbase.de/aquaculture/ProcessingList.php?speccode=1951&GenusName=Scomberoides&SpeciesName=lysan
424,https://www.fishbase.de/aquaculture/ProcessingList.php?speccode=119&GenusName=Scomberomorus&SpeciesName=brasiliensis
425,https://www.fishbase.de/aquaculture/ProcessingList.php?speccode=120&GenusName=Scomberomorus&SpeciesName=cavalla
426,https://www.fishbase.de/aquaculture/ProcessingList.php?speccode=121&GenusName=Scomberomorus&SpeciesName=commerson
427,https://www.fishbase.de/aquaculture/ProcessingList.php?speccode=122&GenusName=Scomberomorus&SpeciesName=concolor
428,https://www.fishbase.de/aquaculture/ProcessingList.php?speccode=123&GenusName=Scomberomorus&SpeciesName=guttatus
429,https://www.fishbase.de/aquaculture/ProcessingList.php?speccode=126&GenusName=Scomberomorus&SpeciesName=maculatus
430,https://www.fishbase.de/aquaculture/ProcessingList.php?speccode=131&GenusName=Scomberomorus&SpeciesName=niphonius
431,https://www.fishbase.de/aquaculture/ProcessingList.php?speccode=133&GenusName=Scomberomorus&SpeciesName=queenslandicus
432,https://www.fishbase.de/aquaculture/ProcessingList.php?speccode=134&GenusName=Scomberomorus&SpeciesName=regalis
433,https://www.fishbase.de/aquaculture/ProcessingList.php?speccode=135&GenusName=Scomberomorus&SpeciesName=semifasciatus
434,https://www.fishbase.de/aquaculture/ProcessingList.php?speccode=136&GenusName=Scomberomorus&SpeciesName=sierra
435,https://www.fishbase.de/aquaculture/ProcessingList.php?speccode=137&GenusName=Scomberomorus&SpeciesName=sinensis
436,https://www.fishbase.de/aquaculture/ProcessingList.php?speccode=141&GenusName=Scomberomorus&SpeciesName=tritor
437,https://www.fishbase.de/aquaculture/ProcessingList.php?speccode=1348&GenusName=Scophthalmus&SpeciesName=maximus
438,https://www.fishbase.de/aquaculture/ProcessingList.php?speccode=529&GenusName=Scophthalmus&SpeciesName=rhombus
439,https://www.fishbase.de/aquaculture/ProcessingList.php?speccode=5019&GenusName=Scorpaena&SpeciesName=angolensis
440,https://www.fishbase.de/aquaculture/ProcessingList.php?speccode=5026&GenusName=Scorpaena&SpeciesName=laevis
441,https://www.fishbase.de/aquaculture/ProcessingList.php?speccode=504&GenusName=Sebastes&SpeciesName=alutus
442,https://www.fishbase.de/aquaculture/ProcessingList.php?speccode=3960&GenusName=Sebastes&SpeciesName=ciliatus
443,https://www.fishbase.de/aquaculture/ProcessingList.php?speccode=3962&GenusName=Sebastes&SpeciesName=crameri
444,https://www.fishbase.de/aquaculture/ProcessingList.php?speccode=3964&GenusName=Sebastes&SpeciesName=diploproa
445,https://www.fishbase.de/aquaculture/ProcessingList.php?speccode=3965&GenusName=Sebastes&SpeciesName=elongatus
446,https://www.fishbase.de/aquaculture/ProcessingList.php?speccode=502&GenusName=Sebastes&SpeciesName=entomelas
447,https://www.fishbase.de/aquaculture/ProcessingList.php?speccode=3971&GenusName=Sebastes&SpeciesName=goodei
448,https://www.fishbase.de/aquaculture/ProcessingList.php?speccode=3972&GenusName=Sebastes&SpeciesName=helvomaculatus
449,https://www.fishbase.de/aquaculture/ProcessingList.php?speccode=505&GenusName=Sebastes&SpeciesName=mentella
450,https://www.fishbase.de/aquaculture/ProcessingList.php?speccode=3983&GenusName=Sebastes&SpeciesName=mystinus
451,https://www.fishbase.de/aquaculture/ProcessingList.php?speccode=501&GenusName=Sebastes&SpeciesName=norvegicus
452,https://www.fishbase.de/aquaculture/ProcessingList.php?speccode=3987&GenusName=Sebastes&SpeciesName=paucispinis
453,https://www.fishbase.de/aquaculture/ProcessingList.php?speccode=3989&GenusName=Sebastes&SpeciesName=pinniger
454,https://www.fishbase.de/aquaculture/ProcessingList.php?speccode=3990&GenusName=Sebastes&SpeciesName=polyspinis
455,https://www.fishbase.de/aquaculture/ProcessingList.php?speccode=3997&GenusName=Sebastes&SpeciesName=rubrivinctus
456,https://www.fishbase.de/aquaculture/ProcessingList.php?speccode=4009&GenusName=Sebastolobus&SpeciesName=alascanus
457,https://www.fishbase.de/aquaculture/ProcessingList.php?speccode=1954&GenusName=Selar&SpeciesName=boops
458,https://www.fishbase.de/aquaculture/ProcessingList.php?speccode=387&GenusName=Selar&SpeciesName=crumenophthalmus
459,https://www.fishbase.de/aquaculture/ProcessingList.php?speccode=388&GenusName=Selaroides&SpeciesName=leptolepis
460,https://www.fishbase.de/aquaculture/ProcessingList.php?speccode=378&GenusName=Selene&SpeciesName=setapinnis
461,https://www.fishbase.de/aquaculture/ProcessingList.php?speccode=1005&GenusName=Seriola&SpeciesName=dumerili
462,https://www.fishbase.de/aquaculture/ProcessingList.php?speccode=382&GenusName=Seriola&SpeciesName=lalandi
463,https://www.fishbase.de/aquaculture/ProcessingList.php?speccode=381&GenusName=Seriola&SpeciesName=quinqueradiata
464,https://www.fishbase.de/aquaculture/ProcessingList.php?speccode=12918&GenusName=Seriolella&SpeciesName=brama
465,https://www.fishbase.de/aquaculture/ProcessingList.php?speccode=12919&GenusName=Seriolella&SpeciesName=caerulea
466,https://www.fishbase.de/aquaculture/ProcessingList.php?speccode=12922&GenusName=Seriolella&SpeciesName=punctata
467,https://www.fishbase.de/aquaculture/ProcessingList.php?speccode=611&GenusName=Setipinna&SpeciesName=taty
468,https://www.fishbase.de/aquaculture/ProcessingList.php?speccode=4614&GenusName=Siganus&SpeciesName=argenteus
469,https://www.fishbase.de/aquaculture/ProcessingList.php?speccode=4142&GenusName=Sigmistes&SpeciesName=smithi
470,https://www.fishbase.de/aquaculture/ProcessingList.php?speccode=7925&GenusName=Sillago&SpeciesName=maculata
471,https://www.fishbase.de/aquaculture/ProcessingList.php?speccode=4544&GenusName=Sillago&SpeciesName=sihama
472,https://www.fishbase.de/aquaculture/ProcessingList.php?speccode=289&GenusName=Silurus&SpeciesName=glanis
473,https://www.fishbase.de/aquaculture/ProcessingList.php?speccode=525&GenusName=Solea&SpeciesName=solea
474,https://www.fishbase.de/aquaculture/ProcessingList.php?speccode=1164&GenusName=Sparus&SpeciesName=aurata
475,https://www.fishbase.de/aquaculture/ProcessingList.php?speccode=5030&GenusName=Sphyraena&SpeciesName=afra
476,https://www.fishbase.de/aquaculture/ProcessingList.php?speccode=3678&GenusName=Sphyraena&SpeciesName=argentea
477,https://www.fishbase.de/aquaculture/ProcessingList.php?speccode=1235&GenusName=Sphyraena&SpeciesName=barracuda
478,https://www.fishbase.de/aquaculture/ProcessingList.php?speccode=3679&GenusName=Sphyraena&SpeciesName=borealis
479,https://www.fishbase.de/aquaculture/ProcessingList.php?speccode=1236&GenusName=Sphyraena&SpeciesName=guachancho
480,https://www.fishbase.de/aquaculture/ProcessingList.php?speccode=4827&GenusName=Sphyraena&SpeciesName=jello
481,https://www.fishbase.de/aquaculture/ProcessingList.php?speccode=4493&GenusName=Sphyraena&SpeciesName=obtusata
482,https://www.fishbase.de/aquaculture/ProcessingList.php?speccode=912&GenusName=Sphyrna&SpeciesName=lewini
483,https://www.fishbase.de/aquaculture/ProcessingList.php?speccode=915&GenusName=Sphyrna&SpeciesName=tiburo
484,https://www.fishbase.de/aquaculture/ProcessingList.php?speccode=917&GenusName=Sphyrna&SpeciesName=zygaena
485,https://www.fishbase.de/aquaculture/ProcessingList.php?speccode=5105&GenusName=Spicara&SpeciesName=alta
486,https://www.fishbase.de/aquaculture/ProcessingList.php?speccode=1356&GenusName=Spondyliosoma&SpeciesName=cantharus
487,https://www.fishbase.de/aquaculture/ProcessingList.php?speccode=1465&GenusName=Sprattus&SpeciesName=antipodum
488,https://www.fishbase.de/aquaculture/ProcessingList.php?speccode=1357&GenusName=Sprattus&SpeciesName=sprattus
489,https://www.fishbase.de/aquaculture/ProcessingList.php?speccode=139&GenusName=Squalus&SpeciesName=acanthias
490,https://www.fishbase.de/aquaculture/ProcessingList.php?speccode=736&GenusName=Squatina&SpeciesName=squatina
491,https://www.fishbase.de/aquaculture/ProcessingList.php?speccode=452&GenusName=Stenotomus&SpeciesName=chrysops
492,https://www.fishbase.de/aquaculture/ProcessingList.php?speccode=2458&GenusName=Synodontis&SpeciesName=schall
493,https://www.fishbase.de/aquaculture/ProcessingList.php?speccode=13197&GenusName=Systomus&SpeciesName=sarana
494,https://www.fishbase.de/aquaculture/ProcessingList.php?speccode=3672&GenusName=Tautogolabrus&SpeciesName=adspersus
495,https://www.fishbase.de/aquaculture/ProcessingList.php?speccode=1600&GenusName=Tenualosa&SpeciesName=toli
496,https://www.fishbase.de/aquaculture/ProcessingList.php?speccode=4829&GenusName=Terapon&SpeciesName=theraps
497,https://www.fishbase.de/aquaculture/ProcessingList.php?speccode=590&GenusName=Thryssa&SpeciesName=kammalensis
498,https://www.fishbase.de/aquaculture/ProcessingList.php?speccode=142&GenusName=Thunnus&SpeciesName=alalunga
499,https://www.fishbase.de/aquaculture/ProcessingList.php?speccode=143&GenusName=Thunnus&SpeciesName=albacares
500,https://www.fishbase.de/aquaculture/ProcessingList.php?speccode=144&GenusName=Thunnus&SpeciesName=atlanticus
501,https://www.fishbase.de/aquaculture/ProcessingList.php?speccode=145&GenusName=Thunnus&SpeciesName=maccoyii
502,https://www.fishbase.de/aquaculture/ProcessingList.php?speccode=146&GenusName=Thunnus&SpeciesName=obesus
503,https://www.fishbase.de/aquaculture/ProcessingList.php?speccode=147&GenusName=Thunnus&SpeciesName=thynnus
504,https://www.fishbase.de/aquaculture/ProcessingList.php?speccode=148&GenusName=Thunnus&SpeciesName=tonggol
505,https://www.fishbase.de/aquaculture/ProcessingList.php?speccode=2693&GenusName=Thymallus&SpeciesName=arcticus
506,https://www.fishbase.de/aquaculture/ProcessingList.php?speccode=489&GenusName=Thyrsites&SpeciesName=atun
507,https://www.fishbase.de/aquaculture/ProcessingList.php?speccode=269&GenusName=Tinca&SpeciesName=tinca
508,https://www.fishbase.de/aquaculture/ProcessingList.php?speccode=9194&GenusName=Tor&SpeciesName=putitora
509,https://www.fishbase.de/aquaculture/ProcessingList.php?speccode=4644&GenusName=Tor&SpeciesName=tor
510,https://www.fishbase.de/aquaculture/ProcessingList.php?speccode=1963&GenusName=Trachinotus&SpeciesName=blochii
511,https://www.fishbase.de/aquaculture/ProcessingList.php?speccode=1965&GenusName=Trachinotus&SpeciesName=botla
512,https://www.fishbase.de/aquaculture/ProcessingList.php?speccode=1010&GenusName=Trachinotus&SpeciesName=falcatus
513,https://www.fishbase.de/aquaculture/ProcessingList.php?speccode=1363&GenusName=Trachinus&SpeciesName=draco
514,https://www.fishbase.de/aquaculture/ProcessingList.php?speccode=366&GenusName=Trachurus&SpeciesName=japonicus
515,https://www.fishbase.de/aquaculture/ProcessingList.php?speccode=367&GenusName=Trachurus&SpeciesName=murphyi
516,https://www.fishbase.de/aquaculture/ProcessingList.php?speccode=1979&GenusName=Trachurus&SpeciesName=novaezelandiae
517,https://www.fishbase.de/aquaculture/ProcessingList.php?speccode=368&GenusName=Trachurus&SpeciesName=symmetricus
518,https://www.fishbase.de/aquaculture/ProcessingList.php?speccode=1365&GenusName=Trachurus&SpeciesName=trachurus
519,https://www.fishbase.de/aquaculture/ProcessingList.php?speccode=1288&GenusName=Trichiurus&SpeciesName=lepturus
520,https://www.fishbase.de/aquaculture/ProcessingList.php?speccode=3682&GenusName=Trichodon&SpeciesName=trichodon
521,https://www.fishbase.de/aquaculture/ProcessingList.php?speccode=4548&GenusName=Umbrina&SpeciesName=canariensis
522,https://www.fishbase.de/aquaculture/ProcessingList.php?speccode=1306&GenusName=Umbrina&SpeciesName=cirrosa
523,https://www.fishbase.de/aquaculture/ProcessingList.php?speccode=67293&GenusName=Upeneus&SpeciesName=heemstra
524,https://www.fishbase.de/aquaculture/ProcessingList.php?speccode=7879&GenusName=Upeneus&SpeciesName=japonicus
525,https://www.fishbase.de/aquaculture/ProcessingList.php?speccode=4444&GenusName=Upeneus&SpeciesName=moluccensis
526,https://www.fishbase.de/aquaculture/ProcessingList.php?speccode=4821&GenusName=Upeneus&SpeciesName=vittatus
527,https://www.fishbase.de/aquaculture/ProcessingList.php?speccode=1779&GenusName=Uranoscopus&SpeciesName=scaber
528,https://www.fishbase.de/aquaculture/ProcessingList.php?speccode=312&GenusName=Urophycis&SpeciesName=chuss
529,https://www.fishbase.de/aquaculture/ProcessingList.php?speccode=313&GenusName=Urophycis&SpeciesName=tenuis
530,https://www.fishbase.de/aquaculture/ProcessingList.php?speccode=10243&GenusName=Wallago&SpeciesName=attu
531,https://www.fishbase.de/aquaculture/ProcessingList.php?speccode=226&GenusName=Xiphias&SpeciesName=gladius
532,https://www.fishbase.de/aquaculture/ProcessingList.php?speccode=1370&GenusName=Zeus&SpeciesName=faber
533,https://www.fishbase.de/aquaculture/ProcessingList.php?speccode=480&GenusName=Zoarces&SpeciesName=americanus
