,Species_for_which_disease_information_is_available
0,https://www.fishbase.de/Diseases/diseasesList.php?ID=972&StockCode=988
1,https://www.fishbase.de/Diseases/diseasesList.php?ID=268&StockCode=282
2,https://www.fishbase.de/Diseases/diseasesList.php?ID=55292&StockCode=45797
3,https://www.fishbase.de/Diseases/diseasesList.php?ID=5526&StockCode=5815
4,https://www.fishbase.de/Diseases/diseasesList.php?ID=65896&StockCode=56136
5,https://www.fishbase.de/Diseases/diseasesList.php?ID=6531&StockCode=6852
6,https://www.fishbase.de/Diseases/diseasesList.php?ID=4306&StockCode=4501
7,https://www.fishbase.de/Diseases/diseasesList.php?ID=23375&StockCode=18564
8,https://www.fishbase.de/Diseases/diseasesList.php?ID=1258&StockCode=1275
9,https://www.fishbase.de/Diseases/diseasesList.php?ID=4744&StockCode=4968
10,https://www.fishbase.de/Diseases/diseasesList.php?ID=1260&StockCode=1277
11,https://www.fishbase.de/Diseases/diseasesList.php?ID=12258&StockCode=12584
12,https://www.fishbase.de/Diseases/diseasesList.php?ID=23581&StockCode=18732
13,https://www.fishbase.de/Diseases/diseasesList.php?ID=23498&StockCode=18666
14,https://www.fishbase.de/Diseases/diseasesList.php?ID=51077&StockCode=42674
15,https://www.fishbase.de/Diseases/diseasesList.php?ID=4683&StockCode=4901
16,https://www.fishbase.de/Diseases/diseasesList.php?ID=2594&StockCode=2790
17,https://www.fishbase.de/Diseases/diseasesList.php?ID=1250&StockCode=1266
18,https://www.fishbase.de/Diseases/diseasesList.php?ID=53698&StockCode=44537
19,https://www.fishbase.de/Diseases/diseasesList.php?ID=1085&StockCode=1101
20,https://www.fishbase.de/Diseases/diseasesList.php?ID=2033&StockCode=2230
21,https://www.fishbase.de/Diseases/diseasesList.php?ID=12938&StockCode=13270
22,https://www.fishbase.de/Diseases/diseasesList.php?ID=1889&StockCode=2085
23,https://www.fishbase.de/Diseases/diseasesList.php?ID=2405&StockCode=2599
24,https://www.fishbase.de/Diseases/diseasesList.php?ID=5229&StockCode=5469
25,https://www.fishbase.de/Diseases/diseasesList.php?ID=11933&StockCode=12259
26,https://www.fishbase.de/Diseases/diseasesList.php?ID=46442&StockCode=39132
27,https://www.fishbase.de/Diseases/diseasesList.php?ID=1580&StockCode=1773
28,https://www.fishbase.de/Diseases/diseasesList.php?ID=8134&StockCode=8445
29,https://www.fishbase.de/Diseases/diseasesList.php?ID=8135&StockCode=8446
30,https://www.fishbase.de/Diseases/diseasesList.php?ID=3615&StockCode=3811
31,https://www.fishbase.de/Diseases/diseasesList.php?ID=11783&StockCode=12108
32,https://www.fishbase.de/Diseases/diseasesList.php?ID=9234&StockCode=9555
33,https://www.fishbase.de/Diseases/diseasesList.php?ID=10910&StockCode=11234
34,https://www.fishbase.de/Diseases/diseasesList.php?ID=3018&StockCode=3214
35,https://www.fishbase.de/Diseases/diseasesList.php?ID=3021&StockCode=3217
36,https://www.fishbase.de/Diseases/diseasesList.php?ID=3022&StockCode=3218
37,https://www.fishbase.de/Diseases/diseasesList.php?ID=4786&StockCode=5010
38,https://www.fishbase.de/Diseases/diseasesList.php?ID=6522&StockCode=6843
39,https://www.fishbase.de/Diseases/diseasesList.php?ID=2024&StockCode=2221
40,https://www.fishbase.de/Diseases/diseasesList.php?ID=495&StockCode=511
41,https://www.fishbase.de/Diseases/diseasesList.php?ID=7380&StockCode=7680
42,https://www.fishbase.de/Diseases/diseasesList.php?ID=23347&StockCode=18545
43,https://www.fishbase.de/Diseases/diseasesList.php?ID=12213&StockCode=12539
44,https://www.fishbase.de/Diseases/diseasesList.php?ID=50260&StockCode=42006
45,https://www.fishbase.de/Diseases/diseasesList.php?ID=51577&StockCode=43101
46,https://www.fishbase.de/Diseases/diseasesList.php?ID=4727&StockCode=4951
47,https://www.fishbase.de/Diseases/diseasesList.php?ID=35&StockCode=45
48,https://www.fishbase.de/Diseases/diseasesList.php?ID=295&StockCode=309
49,https://www.fishbase.de/Diseases/diseasesList.php?ID=1275&StockCode=1292
50,https://www.fishbase.de/Diseases/diseasesList.php?ID=1276&StockCode=1293
51,https://www.fishbase.de/Diseases/diseasesList.php?ID=7512&StockCode=7816
52,https://www.fishbase.de/Diseases/diseasesList.php?ID=296&StockCode=310
53,https://www.fishbase.de/Diseases/diseasesList.php?ID=1619&StockCode=1812
54,https://www.fishbase.de/Diseases/diseasesList.php?ID=8136&StockCode=8447
55,https://www.fishbase.de/Diseases/diseasesList.php?ID=7184&StockCode=7275
56,https://www.fishbase.de/Diseases/diseasesList.php?ID=4922&StockCode=5155
57,https://www.fishbase.de/Diseases/diseasesList.php?ID=4876&StockCode=5106
58,https://www.fishbase.de/Diseases/diseasesList.php?ID=8770&StockCode=9092
59,https://www.fishbase.de/Diseases/diseasesList.php?ID=9714&StockCode=10037
60,https://www.fishbase.de/Diseases/diseasesList.php?ID=26703&StockCode=20868
61,https://www.fishbase.de/Diseases/diseasesList.php?ID=11138&StockCode=11462
62,https://www.fishbase.de/Diseases/diseasesList.php?ID=12282&StockCode=12608
63,https://www.fishbase.de/Diseases/diseasesList.php?ID=46608&StockCode=39263
64,https://www.fishbase.de/Diseases/diseasesList.php?ID=52178&StockCode=43451
65,https://www.fishbase.de/Diseases/diseasesList.php?ID=46660&StockCode=39305
66,https://www.fishbase.de/Diseases/diseasesList.php?ID=46668&StockCode=39312
67,https://www.fishbase.de/Diseases/diseasesList.php?ID=12286&StockCode=12612
68,https://www.fishbase.de/Diseases/diseasesList.php?ID=46712&StockCode=39349
69,https://www.fishbase.de/Diseases/diseasesList.php?ID=46716&StockCode=39352
70,https://www.fishbase.de/Diseases/diseasesList.php?ID=12870&StockCode=13201
71,https://www.fishbase.de/Diseases/diseasesList.php?ID=12220&StockCode=12546
72,https://www.fishbase.de/Diseases/diseasesList.php?ID=15943&StockCode=14944
73,https://www.fishbase.de/Diseases/diseasesList.php?ID=2076&StockCode=2272
74,https://www.fishbase.de/Diseases/diseasesList.php?ID=13480&StockCode=13649
75,https://www.fishbase.de/Diseases/diseasesList.php?ID=1285&StockCode=1302
76,https://www.fishbase.de/Diseases/diseasesList.php?ID=24982&StockCode=19769
77,https://www.fishbase.de/Diseases/diseasesList.php?ID=27634&StockCode=21610
78,https://www.fishbase.de/Diseases/diseasesList.php?ID=5247&StockCode=5487
79,https://www.fishbase.de/Diseases/diseasesList.php?ID=5425&StockCode=5687
80,https://www.fishbase.de/Diseases/diseasesList.php?ID=7187&StockCode=7298
81,https://www.fishbase.de/Diseases/diseasesList.php?ID=7857&StockCode=8167
82,https://www.fishbase.de/Diseases/diseasesList.php?ID=4688&StockCode=4906
83,https://www.fishbase.de/Diseases/diseasesList.php?ID=6704&StockCode=7025
84,https://www.fishbase.de/Diseases/diseasesList.php?ID=3612&StockCode=3808
85,https://www.fishbase.de/Diseases/diseasesList.php?ID=4475&StockCode=4673
86,https://www.fishbase.de/Diseases/diseasesList.php?ID=8080&StockCode=8391
87,https://www.fishbase.de/Diseases/diseasesList.php?ID=12868&StockCode=13199
88,https://www.fishbase.de/Diseases/diseasesList.php?ID=53115&StockCode=44088
89,https://www.fishbase.de/Diseases/diseasesList.php?ID=1302&StockCode=1320
90,https://www.fishbase.de/Diseases/diseasesList.php?ID=7326&StockCode=7626
91,https://www.fishbase.de/Diseases/diseasesList.php?ID=1929&StockCode=2125
92,https://www.fishbase.de/Diseases/diseasesList.php?ID=1893&StockCode=2089
93,https://www.fishbase.de/Diseases/diseasesList.php?ID=47653&StockCode=40048
94,https://www.fishbase.de/Diseases/diseasesList.php?ID=52120&StockCode=43415
95,https://www.fishbase.de/Diseases/diseasesList.php?ID=2438&StockCode=2632
96,https://www.fishbase.de/Diseases/diseasesList.php?ID=2173&StockCode=2372
97,https://www.fishbase.de/Diseases/diseasesList.php?ID=2189&StockCode=2388
98,https://www.fishbase.de/Diseases/diseasesList.php?ID=4679&StockCode=4897
99,https://www.fishbase.de/Diseases/diseasesList.php?ID=4778&StockCode=5002
100,https://www.fishbase.de/Diseases/diseasesList.php?ID=93&StockCode=107
101,https://www.fishbase.de/Diseases/diseasesList.php?ID=94&StockCode=108
102,https://www.fishbase.de/Diseases/diseasesList.php?ID=6595&StockCode=6917
103,https://www.fishbase.de/Diseases/diseasesList.php?ID=12006&StockCode=12331
104,https://www.fishbase.de/Diseases/diseasesList.php?ID=5462&StockCode=5738
105,https://www.fishbase.de/Diseases/diseasesList.php?ID=6519&StockCode=6840
106,https://www.fishbase.de/Diseases/diseasesList.php?ID=9282&StockCode=9604
107,https://www.fishbase.de/Diseases/diseasesList.php?ID=4721&StockCode=4943
108,https://www.fishbase.de/Diseases/diseasesList.php?ID=3579&StockCode=3775
109,https://www.fishbase.de/Diseases/diseasesList.php?ID=6089&StockCode=6403
110,https://www.fishbase.de/Diseases/diseasesList.php?ID=5180&StockCode=5419
111,https://www.fishbase.de/Diseases/diseasesList.php?ID=10805&StockCode=11128
112,https://www.fishbase.de/Diseases/diseasesList.php?ID=5189&StockCode=5428
113,https://www.fishbase.de/Diseases/diseasesList.php?ID=5191&StockCode=5430
114,https://www.fishbase.de/Diseases/diseasesList.php?ID=4677&StockCode=4895
115,https://www.fishbase.de/Diseases/diseasesList.php?ID=286&StockCode=300
116,https://www.fishbase.de/Diseases/diseasesList.php?ID=4765&StockCode=4989
117,https://www.fishbase.de/Diseases/diseasesList.php?ID=25855&StockCode=20379
118,https://www.fishbase.de/Diseases/diseasesList.php?ID=55033&StockCode=45574
119,https://www.fishbase.de/Diseases/diseasesList.php?ID=47&StockCode=57
120,https://www.fishbase.de/Diseases/diseasesList.php?ID=48530&StockCode=40777
121,https://www.fishbase.de/Diseases/diseasesList.php?ID=4768&StockCode=4992
122,https://www.fishbase.de/Diseases/diseasesList.php?ID=4471&StockCode=4669
123,https://www.fishbase.de/Diseases/diseasesList.php?ID=5501&StockCode=5780
124,https://www.fishbase.de/Diseases/diseasesList.php?ID=7406&StockCode=7708
125,https://www.fishbase.de/Diseases/diseasesList.php?ID=10879&StockCode=11203
126,https://www.fishbase.de/Diseases/diseasesList.php?ID=12253&StockCode=12579
127,https://www.fishbase.de/Diseases/diseasesList.php?ID=12255&StockCode=12581
128,https://www.fishbase.de/Diseases/diseasesList.php?ID=11304&StockCode=11629
129,https://www.fishbase.de/Diseases/diseasesList.php?ID=10368&StockCode=10690
130,https://www.fishbase.de/Diseases/diseasesList.php?ID=11089&StockCode=11413
131,https://www.fishbase.de/Diseases/diseasesList.php?ID=5234&StockCode=5474
132,https://www.fishbase.de/Diseases/diseasesList.php?ID=5240&StockCode=5480
133,https://www.fishbase.de/Diseases/diseasesList.php?ID=11096&StockCode=11420
134,https://www.fishbase.de/Diseases/diseasesList.php?ID=25516&StockCode=20134
135,https://www.fishbase.de/Diseases/diseasesList.php?ID=14171&StockCode=14058
136,https://www.fishbase.de/Diseases/diseasesList.php?ID=52994&StockCode=43996
137,https://www.fishbase.de/Diseases/diseasesList.php?ID=27668&StockCode=21635
138,https://www.fishbase.de/Diseases/diseasesList.php?ID=52998&StockCode=44000
139,https://www.fishbase.de/Diseases/diseasesList.php?ID=51841&StockCode=43279
140,https://www.fishbase.de/Diseases/diseasesList.php?ID=11792&StockCode=12118
141,https://www.fishbase.de/Diseases/diseasesList.php?ID=919&StockCode=935
142,https://www.fishbase.de/Diseases/diseasesList.php?ID=920&StockCode=936
143,https://www.fishbase.de/Diseases/diseasesList.php?ID=12115&StockCode=12441
144,https://www.fishbase.de/Diseases/diseasesList.php?ID=1916&StockCode=2112
145,https://www.fishbase.de/Diseases/diseasesList.php?ID=1915&StockCode=2111
146,https://www.fishbase.de/Diseases/diseasesList.php?ID=1895&StockCode=2091
147,https://www.fishbase.de/Diseases/diseasesList.php?ID=1906&StockCode=2102
148,https://www.fishbase.de/Diseases/diseasesList.php?ID=1917&StockCode=2113
149,https://www.fishbase.de/Diseases/diseasesList.php?ID=1919&StockCode=2115
150,https://www.fishbase.de/Diseases/diseasesList.php?ID=26489&StockCode=20775
151,https://www.fishbase.de/Diseases/diseasesList.php?ID=271&StockCode=285
152,https://www.fishbase.de/Diseases/diseasesList.php?ID=270&StockCode=284
153,https://www.fishbase.de/Diseases/diseasesList.php?ID=6376&StockCode=6695
154,https://www.fishbase.de/Diseases/diseasesList.php?ID=10733&StockCode=11056
155,https://www.fishbase.de/Diseases/diseasesList.php?ID=10736&StockCode=11059
156,https://www.fishbase.de/Diseases/diseasesList.php?ID=5458&StockCode=5728
157,https://www.fishbase.de/Diseases/diseasesList.php?ID=5457&StockCode=5727
158,https://www.fishbase.de/Diseases/diseasesList.php?ID=6454&StockCode=6776
159,https://www.fishbase.de/Diseases/diseasesList.php?ID=90&StockCode=2286
160,https://www.fishbase.de/Diseases/diseasesList.php?ID=5538&StockCode=5828
161,https://www.fishbase.de/Diseases/diseasesList.php?ID=5557&StockCode=5847
162,https://www.fishbase.de/Diseases/diseasesList.php?ID=3602&StockCode=3798
163,https://www.fishbase.de/Diseases/diseasesList.php?ID=7803&StockCode=8113
164,https://www.fishbase.de/Diseases/diseasesList.php?ID=10352&StockCode=10675
165,https://www.fishbase.de/Diseases/diseasesList.php?ID=7808&StockCode=8119
166,https://www.fishbase.de/Diseases/diseasesList.php?ID=5564&StockCode=5855
167,https://www.fishbase.de/Diseases/diseasesList.php?ID=5136&StockCode=5373
168,https://www.fishbase.de/Diseases/diseasesList.php?ID=3604&StockCode=3800
169,https://www.fishbase.de/Diseases/diseasesList.php?ID=5570&StockCode=5860
170,https://www.fishbase.de/Diseases/diseasesList.php?ID=5582&StockCode=5872
171,https://www.fishbase.de/Diseases/diseasesList.php?ID=6508&StockCode=6829
172,https://www.fishbase.de/Diseases/diseasesList.php?ID=11124&StockCode=11448
173,https://www.fishbase.de/Diseases/diseasesList.php?ID=50068&StockCode=41900
174,https://www.fishbase.de/Diseases/diseasesList.php?ID=10132&StockCode=10455
175,https://www.fishbase.de/Diseases/diseasesList.php?ID=50504&StockCode=42205
176,https://www.fishbase.de/Diseases/diseasesList.php?ID=5144&StockCode=5382
177,https://www.fishbase.de/Diseases/diseasesList.php?ID=5147&StockCode=5385
178,https://www.fishbase.de/Diseases/diseasesList.php?ID=343&StockCode=357
179,https://www.fishbase.de/Diseases/diseasesList.php?ID=4635&StockCode=4823
180,https://www.fishbase.de/Diseases/diseasesList.php?ID=80&StockCode=95
181,https://www.fishbase.de/Diseases/diseasesList.php?ID=12346&StockCode=12675
182,https://www.fishbase.de/Diseases/diseasesList.php?ID=5604&StockCode=5896
183,https://www.fishbase.de/Diseases/diseasesList.php?ID=5623&StockCode=5917
184,https://www.fishbase.de/Diseases/diseasesList.php?ID=2142&StockCode=2341
185,https://www.fishbase.de/Diseases/diseasesList.php?ID=1735&StockCode=1931
186,https://www.fishbase.de/Diseases/diseasesList.php?ID=4583&StockCode=4769
187,https://www.fishbase.de/Diseases/diseasesList.php?ID=5146&StockCode=5384
188,https://www.fishbase.de/Diseases/diseasesList.php?ID=1736&StockCode=1932
189,https://www.fishbase.de/Diseases/diseasesList.php?ID=26776&StockCode=20941
190,https://www.fishbase.de/Diseases/diseasesList.php?ID=10779&StockCode=11102
191,https://www.fishbase.de/Diseases/diseasesList.php?ID=53380&StockCode=44281
192,https://www.fishbase.de/Diseases/diseasesList.php?ID=2363&StockCode=2557
193,https://www.fishbase.de/Diseases/diseasesList.php?ID=8341&StockCode=8655
194,https://www.fishbase.de/Diseases/diseasesList.php?ID=6358&StockCode=6671
195,https://www.fishbase.de/Diseases/diseasesList.php?ID=48414&StockCode=40663
196,https://www.fishbase.de/Diseases/diseasesList.php?ID=48356&StockCode=40622
197,https://www.fishbase.de/Diseases/diseasesList.php?ID=4978&StockCode=5211
198,https://www.fishbase.de/Diseases/diseasesList.php?ID=5679&StockCode=5972
199,https://www.fishbase.de/Diseases/diseasesList.php?ID=10897&StockCode=11221
200,https://www.fishbase.de/Diseases/diseasesList.php?ID=5695&StockCode=5988
201,https://www.fishbase.de/Diseases/diseasesList.php?ID=457&StockCode=471
202,https://www.fishbase.de/Diseases/diseasesList.php?ID=57875&StockCode=47436
203,https://www.fishbase.de/Diseases/diseasesList.php?ID=26777&StockCode=20942
204,https://www.fishbase.de/Diseases/diseasesList.php?ID=46796&StockCode=39411
205,https://www.fishbase.de/Diseases/diseasesList.php?ID=1873&StockCode=2069
206,https://www.fishbase.de/Diseases/diseasesList.php?ID=26774&StockCode=20938
207,https://www.fishbase.de/Diseases/diseasesList.php?ID=5106&StockCode=5341
208,https://www.fishbase.de/Diseases/diseasesList.php?ID=4494&StockCode=4692
209,https://www.fishbase.de/Diseases/diseasesList.php?ID=5269&StockCode=5509
210,https://www.fishbase.de/Diseases/diseasesList.php?ID=4943&StockCode=5176
211,https://www.fishbase.de/Diseases/diseasesList.php?ID=2098&StockCode=2296
212,https://www.fishbase.de/Diseases/diseasesList.php?ID=3054&StockCode=3250
213,https://www.fishbase.de/Diseases/diseasesList.php?ID=2111&StockCode=2309
214,https://www.fishbase.de/Diseases/diseasesList.php?ID=293&StockCode=307
215,https://www.fishbase.de/Diseases/diseasesList.php?ID=1934&StockCode=2130
216,https://www.fishbase.de/Diseases/diseasesList.php?ID=4805&StockCode=5034
217,https://www.fishbase.de/Diseases/diseasesList.php?ID=8560&StockCode=8875
218,https://www.fishbase.de/Diseases/diseasesList.php?ID=11136&StockCode=11460
219,https://www.fishbase.de/Diseases/diseasesList.php?ID=24&StockCode=32
220,https://www.fishbase.de/Diseases/diseasesList.php?ID=24&StockCode=56760
221,https://www.fishbase.de/Diseases/diseasesList.php?ID=10148&StockCode=10471
222,https://www.fishbase.de/Diseases/diseasesList.php?ID=6378&StockCode=6697
223,https://www.fishbase.de/Diseases/diseasesList.php?ID=7499&StockCode=7802
224,https://www.fishbase.de/Diseases/diseasesList.php?ID=263&StockCode=277
225,https://www.fishbase.de/Diseases/diseasesList.php?ID=2311&StockCode=2508
226,https://www.fishbase.de/Diseases/diseasesList.php?ID=2488&StockCode=2682
227,https://www.fishbase.de/Diseases/diseasesList.php?ID=1397&StockCode=1415
228,https://www.fishbase.de/Diseases/diseasesList.php?ID=1390&StockCode=1408
229,https://www.fishbase.de/Diseases/diseasesList.php?ID=235&StockCode=249
230,https://www.fishbase.de/Diseases/diseasesList.php?ID=2670&StockCode=2866
231,https://www.fishbase.de/Diseases/diseasesList.php?ID=12547&StockCode=12878
232,https://www.fishbase.de/Diseases/diseasesList.php?ID=4687&StockCode=4905
233,https://www.fishbase.de/Diseases/diseasesList.php?ID=5624&StockCode=5918
234,https://www.fishbase.de/Diseases/diseasesList.php?ID=7777&StockCode=8087
235,https://www.fishbase.de/Diseases/diseasesList.php?ID=13109&StockCode=13419
236,https://www.fishbase.de/Diseases/diseasesList.php?ID=12159&StockCode=12485
237,https://www.fishbase.de/Diseases/diseasesList.php?ID=12168&StockCode=12494
238,https://www.fishbase.de/Diseases/diseasesList.php?ID=12171&StockCode=12496
239,https://www.fishbase.de/Diseases/diseasesList.php?ID=12177&StockCode=12503
240,https://www.fishbase.de/Diseases/diseasesList.php?ID=12178&StockCode=12504
241,https://www.fishbase.de/Diseases/diseasesList.php?ID=10923&StockCode=11247
242,https://www.fishbase.de/Diseases/diseasesList.php?ID=10924&StockCode=11248
243,https://www.fishbase.de/Diseases/diseasesList.php?ID=46110&StockCode=38879
244,https://www.fishbase.de/Diseases/diseasesList.php?ID=12184&StockCode=12510
245,https://www.fishbase.de/Diseases/diseasesList.php?ID=12185&StockCode=12511
246,https://www.fishbase.de/Diseases/diseasesList.php?ID=10926&StockCode=11250
247,https://www.fishbase.de/Diseases/diseasesList.php?ID=12193&StockCode=12519
248,https://www.fishbase.de/Diseases/diseasesList.php?ID=12195&StockCode=12521
249,https://www.fishbase.de/Diseases/diseasesList.php?ID=46224&StockCode=38953
250,https://www.fishbase.de/Diseases/diseasesList.php?ID=7&StockCode=9
251,https://www.fishbase.de/Diseases/diseasesList.php?ID=6&StockCode=1884
252,https://www.fishbase.de/Diseases/diseasesList.php?ID=17265&StockCode=15507
253,https://www.fishbase.de/Diseases/diseasesList.php?ID=46840&StockCode=39451
254,https://www.fishbase.de/Diseases/diseasesList.php?ID=52206&StockCode=43471
255,https://www.fishbase.de/Diseases/diseasesList.php?ID=11159&StockCode=11484
256,https://www.fishbase.de/Diseases/diseasesList.php?ID=26756&StockCode=20921
257,https://www.fishbase.de/Diseases/diseasesList.php?ID=6457&StockCode=6779
258,https://www.fishbase.de/Diseases/diseasesList.php?ID=79&StockCode=88
259,https://www.fishbase.de/Diseases/diseasesList.php?ID=10776&StockCode=11099
260,https://www.fishbase.de/Diseases/diseasesList.php?ID=7523&StockCode=7828
261,https://www.fishbase.de/Diseases/diseasesList.php?ID=8238&StockCode=8551
262,https://www.fishbase.de/Diseases/diseasesList.php?ID=406&StockCode=420
263,https://www.fishbase.de/Diseases/diseasesList.php?ID=23442&StockCode=18625
264,https://www.fishbase.de/Diseases/diseasesList.php?ID=8572&StockCode=8887
265,https://www.fishbase.de/Diseases/diseasesList.php?ID=3181&StockCode=3377
266,https://www.fishbase.de/Diseases/diseasesList.php?ID=1450&StockCode=1643
267,https://www.fishbase.de/Diseases/diseasesList.php?ID=2221&StockCode=2420
268,https://www.fishbase.de/Diseases/diseasesList.php?ID=10824&StockCode=11147
269,https://www.fishbase.de/Diseases/diseasesList.php?ID=4653&StockCode=4841
270,https://www.fishbase.de/Diseases/diseasesList.php?ID=5112&StockCode=5347
271,https://www.fishbase.de/Diseases/diseasesList.php?ID=4473&StockCode=4671
272,https://www.fishbase.de/Diseases/diseasesList.php?ID=1940&StockCode=2136
273,https://www.fishbase.de/Diseases/diseasesList.php?ID=1938&StockCode=2134
274,https://www.fishbase.de/Diseases/diseasesList.php?ID=374&StockCode=388
275,https://www.fishbase.de/Diseases/diseasesList.php?ID=4710&StockCode=4930
276,https://www.fishbase.de/Diseases/diseasesList.php?ID=12143&StockCode=12470
277,https://www.fishbase.de/Diseases/diseasesList.php?ID=10829&StockCode=11152
278,https://www.fishbase.de/Diseases/diseasesList.php?ID=10831&StockCode=11154
279,https://www.fishbase.de/Diseases/diseasesList.php?ID=63&StockCode=73
280,https://www.fishbase.de/Diseases/diseasesList.php?ID=25175&StockCode=19928
281,https://www.fishbase.de/Diseases/diseasesList.php?ID=526&StockCode=542
282,https://www.fishbase.de/Diseases/diseasesList.php?ID=12325&StockCode=12653
283,https://www.fishbase.de/Diseases/diseasesList.php?ID=4659&StockCode=5717
284,https://www.fishbase.de/Diseases/diseasesList.php?ID=1022&StockCode=1038
285,https://www.fishbase.de/Diseases/diseasesList.php?ID=928&StockCode=944
286,https://www.fishbase.de/Diseases/diseasesList.php?ID=11179&StockCode=11504
287,https://www.fishbase.de/Diseases/diseasesList.php?ID=2406&StockCode=2600
288,https://www.fishbase.de/Diseases/diseasesList.php?ID=3827&StockCode=4023
289,https://www.fishbase.de/Diseases/diseasesList.php?ID=1604&StockCode=1797
290,https://www.fishbase.de/Diseases/diseasesList.php?ID=1453&StockCode=1646
291,https://www.fishbase.de/Diseases/diseasesList.php?ID=2467&StockCode=2661
292,https://www.fishbase.de/Diseases/diseasesList.php?ID=12221&StockCode=12547
293,https://www.fishbase.de/Diseases/diseasesList.php?ID=412&StockCode=426
294,https://www.fishbase.de/Diseases/diseasesList.php?ID=8034&StockCode=8345
295,https://www.fishbase.de/Diseases/diseasesList.php?ID=10013&StockCode=10336
296,https://www.fishbase.de/Diseases/diseasesList.php?ID=3829&StockCode=4025
297,https://www.fishbase.de/Diseases/diseasesList.php?ID=340&StockCode=354
298,https://www.fishbase.de/Diseases/diseasesList.php?ID=66&StockCode=76
299,https://www.fishbase.de/Diseases/diseasesList.php?ID=3367&StockCode=3563
300,https://www.fishbase.de/Diseases/diseasesList.php?ID=7571&StockCode=7876
301,https://www.fishbase.de/Diseases/diseasesList.php?ID=11500&StockCode=11826
302,https://www.fishbase.de/Diseases/diseasesList.php?ID=10835&StockCode=11158
303,https://www.fishbase.de/Diseases/diseasesList.php?ID=12069&StockCode=12395
304,https://www.fishbase.de/Diseases/diseasesList.php?ID=7329&StockCode=7629
305,https://www.fishbase.de/Diseases/diseasesList.php?ID=7333&StockCode=7633
306,https://www.fishbase.de/Diseases/diseasesList.php?ID=6465&StockCode=6787
307,https://www.fishbase.de/Diseases/diseasesList.php?ID=4460&StockCode=4658
308,https://www.fishbase.de/Diseases/diseasesList.php?ID=16&StockCode=24
309,https://www.fishbase.de/Diseases/diseasesList.php?ID=6439&StockCode=6760
310,https://www.fishbase.de/Diseases/diseasesList.php?ID=6473&StockCode=6795
311,https://www.fishbase.de/Diseases/diseasesList.php?ID=4461&StockCode=4659
312,https://www.fishbase.de/Diseases/diseasesList.php?ID=6476&StockCode=6798
313,https://www.fishbase.de/Diseases/diseasesList.php?ID=4830&StockCode=5060
314,https://www.fishbase.de/Diseases/diseasesList.php?ID=23282&StockCode=18500
315,https://www.fishbase.de/Diseases/diseasesList.php?ID=258&StockCode=272
316,https://www.fishbase.de/Diseases/diseasesList.php?ID=2711&StockCode=2907
317,https://www.fishbase.de/Diseases/diseasesList.php?ID=1594&StockCode=1787
318,https://www.fishbase.de/Diseases/diseasesList.php?ID=4681&StockCode=4899
319,https://www.fishbase.de/Diseases/diseasesList.php?ID=908&StockCode=924
320,https://www.fishbase.de/Diseases/diseasesList.php?ID=96&StockCode=110
321,https://www.fishbase.de/Diseases/diseasesList.php?ID=97&StockCode=111
322,https://www.fishbase.de/Diseases/diseasesList.php?ID=13338&StockCode=13602
323,https://www.fishbase.de/Diseases/diseasesList.php?ID=13347&StockCode=13603
324,https://www.fishbase.de/Diseases/diseasesList.php?ID=11280&StockCode=11605
325,https://www.fishbase.de/Diseases/diseasesList.php?ID=12747&StockCode=13076
326,https://www.fishbase.de/Diseases/diseasesList.php?ID=3184&StockCode=3380
327,https://www.fishbase.de/Diseases/diseasesList.php?ID=5584&StockCode=5874
328,https://www.fishbase.de/Diseases/diseasesList.php?ID=9736&StockCode=10059
329,https://www.fishbase.de/Diseases/diseasesList.php?ID=9739&StockCode=10062
330,https://www.fishbase.de/Diseases/diseasesList.php?ID=9758&StockCode=10081
331,https://www.fishbase.de/Diseases/diseasesList.php?ID=9789&StockCode=10111
332,https://www.fishbase.de/Diseases/diseasesList.php?ID=2473&StockCode=2667
333,https://www.fishbase.de/Diseases/diseasesList.php?ID=3191&StockCode=3387
334,https://www.fishbase.de/Diseases/diseasesList.php?ID=69&StockCode=8484
335,https://www.fishbase.de/Diseases/diseasesList.php?ID=69&StockCode=79
336,https://www.fishbase.de/Diseases/diseasesList.php?ID=69&StockCode=8485
337,https://www.fishbase.de/Diseases/diseasesList.php?ID=8426&StockCode=8740
338,https://www.fishbase.de/Diseases/diseasesList.php?ID=7579&StockCode=7883
339,https://www.fishbase.de/Diseases/diseasesList.php?ID=47142&StockCode=39692
340,https://www.fishbase.de/Diseases/diseasesList.php?ID=56692&StockCode=46630
341,https://www.fishbase.de/Diseases/diseasesList.php?ID=56693&StockCode=46631
342,https://www.fishbase.de/Diseases/diseasesList.php?ID=3215&StockCode=3411
343,https://www.fishbase.de/Diseases/diseasesList.php?ID=27649&StockCode=21621
344,https://www.fishbase.de/Diseases/diseasesList.php?ID=27744&StockCode=21688
345,https://www.fishbase.de/Diseases/diseasesList.php?ID=4462&StockCode=4660
346,https://www.fishbase.de/Diseases/diseasesList.php?ID=8710&StockCode=9031
347,https://www.fishbase.de/Diseases/diseasesList.php?ID=4751&StockCode=4975
348,https://www.fishbase.de/Diseases/diseasesList.php?ID=12372&StockCode=12701
349,https://www.fishbase.de/Diseases/diseasesList.php?ID=4463&StockCode=4661
350,https://www.fishbase.de/Diseases/diseasesList.php?ID=5996&StockCode=6306
351,https://www.fishbase.de/Diseases/diseasesList.php?ID=4439&StockCode=4637
352,https://www.fishbase.de/Diseases/diseasesList.php?ID=3854&StockCode=4050
353,https://www.fishbase.de/Diseases/diseasesList.php?ID=54508&StockCode=46819
354,https://www.fishbase.de/Diseases/diseasesList.php?ID=61527&StockCode=51334
355,https://www.fishbase.de/Diseases/diseasesList.php?ID=14956&StockCode=14437
356,https://www.fishbase.de/Diseases/diseasesList.php?ID=4833&StockCode=5063
357,https://www.fishbase.de/Diseases/diseasesList.php?ID=10477&StockCode=10799
358,https://www.fishbase.de/Diseases/diseasesList.php?ID=887&StockCode=903
359,https://www.fishbase.de/Diseases/diseasesList.php?ID=4464&StockCode=4664
360,https://www.fishbase.de/Diseases/diseasesList.php?ID=2085&StockCode=2280
361,https://www.fishbase.de/Diseases/diseasesList.php?ID=3831&StockCode=4027
362,https://www.fishbase.de/Diseases/diseasesList.php?ID=59786&StockCode=49523
363,https://www.fishbase.de/Diseases/diseasesList.php?ID=8293&StockCode=8606
364,https://www.fishbase.de/Diseases/diseasesList.php?ID=11945&StockCode=12271
365,https://www.fishbase.de/Diseases/diseasesList.php?ID=4682&StockCode=4900
366,https://www.fishbase.de/Diseases/diseasesList.php?ID=1833&StockCode=2029
367,https://www.fishbase.de/Diseases/diseasesList.php?ID=10915&StockCode=11239
368,https://www.fishbase.de/Diseases/diseasesList.php?ID=12298&StockCode=12624
369,https://www.fishbase.de/Diseases/diseasesList.php?ID=5627&StockCode=5921
370,https://www.fishbase.de/Diseases/diseasesList.php?ID=6684&StockCode=7005
371,https://www.fishbase.de/Diseases/diseasesList.php?ID=6887&StockCode=7208
372,https://www.fishbase.de/Diseases/diseasesList.php?ID=6890&StockCode=7211
373,https://www.fishbase.de/Diseases/diseasesList.php?ID=5356&StockCode=5594
374,https://www.fishbase.de/Diseases/diseasesList.php?ID=6748&StockCode=7069
375,https://www.fishbase.de/Diseases/diseasesList.php?ID=6761&StockCode=7082
376,https://www.fishbase.de/Diseases/diseasesList.php?ID=6764&StockCode=7085
377,https://www.fishbase.de/Diseases/diseasesList.php?ID=6769&StockCode=7090
378,https://www.fishbase.de/Diseases/diseasesList.php?ID=4517&StockCode=6146
379,https://www.fishbase.de/Diseases/diseasesList.php?ID=6798&StockCode=7119
380,https://www.fishbase.de/Diseases/diseasesList.php?ID=6801&StockCode=7122
381,https://www.fishbase.de/Diseases/diseasesList.php?ID=6802&StockCode=7123
382,https://www.fishbase.de/Diseases/diseasesList.php?ID=6886&StockCode=7207
383,https://www.fishbase.de/Diseases/diseasesList.php?ID=6846&StockCode=7167
384,https://www.fishbase.de/Diseases/diseasesList.php?ID=6853&StockCode=7174
385,https://www.fishbase.de/Diseases/diseasesList.php?ID=1478&StockCode=1671
386,https://www.fishbase.de/Diseases/diseasesList.php?ID=1480&StockCode=1673
387,https://www.fishbase.de/Diseases/diseasesList.php?ID=260&StockCode=274
388,https://www.fishbase.de/Diseases/diseasesList.php?ID=12360&StockCode=12690
389,https://www.fishbase.de/Diseases/diseasesList.php?ID=500&StockCode=516
390,https://www.fishbase.de/Diseases/diseasesList.php?ID=13307&StockCode=13593
391,https://www.fishbase.de/Diseases/diseasesList.php?ID=2389&StockCode=2583
392,https://www.fishbase.de/Diseases/diseasesList.php?ID=12365&StockCode=12695
393,https://www.fishbase.de/Diseases/diseasesList.php?ID=10642&StockCode=10965
394,https://www.fishbase.de/Diseases/diseasesList.php?ID=12367&StockCode=12697
395,https://www.fishbase.de/Diseases/diseasesList.php?ID=10645&StockCode=10968
396,https://www.fishbase.de/Diseases/diseasesList.php?ID=10649&StockCode=10972
397,https://www.fishbase.de/Diseases/diseasesList.php?ID=12370&StockCode=12699
398,https://www.fishbase.de/Diseases/diseasesList.php?ID=26447&StockCode=20712
399,https://www.fishbase.de/Diseases/diseasesList.php?ID=26457&StockCode=20726
400,https://www.fishbase.de/Diseases/diseasesList.php?ID=5636&StockCode=5930
401,https://www.fishbase.de/Diseases/diseasesList.php?ID=55704&StockCode=45978
402,https://www.fishbase.de/Diseases/diseasesList.php?ID=5588&StockCode=5878
403,https://www.fishbase.de/Diseases/diseasesList.php?ID=3614&StockCode=3810
404,https://www.fishbase.de/Diseases/diseasesList.php?ID=6320&StockCode=6633
405,https://www.fishbase.de/Diseases/diseasesList.php?ID=1489&StockCode=1682
406,https://www.fishbase.de/Diseases/diseasesList.php?ID=3617&StockCode=3813
407,https://www.fishbase.de/Diseases/diseasesList.php?ID=4885&StockCode=5116
408,https://www.fishbase.de/Diseases/diseasesList.php?ID=8902&StockCode=9223
409,https://www.fishbase.de/Diseases/diseasesList.php?ID=2388&StockCode=2582
410,https://www.fishbase.de/Diseases/diseasesList.php?ID=1595&StockCode=1788
411,https://www.fishbase.de/Diseases/diseasesList.php?ID=66572&StockCode=57295
412,https://www.fishbase.de/Diseases/diseasesList.php?ID=5955&StockCode=6264
413,https://www.fishbase.de/Diseases/diseasesList.php?ID=4229&StockCode=4425
414,https://www.fishbase.de/Diseases/diseasesList.php?ID=4239&StockCode=4435
415,https://www.fishbase.de/Diseases/diseasesList.php?ID=3608&StockCode=3804
416,https://www.fishbase.de/Diseases/diseasesList.php?ID=3610&StockCode=3806
417,https://www.fishbase.de/Diseases/diseasesList.php?ID=5305&StockCode=5544
418,https://www.fishbase.de/Diseases/diseasesList.php?ID=50704&StockCode=42386
419,https://www.fishbase.de/Diseases/diseasesList.php?ID=4757&StockCode=4981
420,https://www.fishbase.de/Diseases/diseasesList.php?ID=4496&StockCode=4694
421,https://www.fishbase.de/Diseases/diseasesList.php?ID=53570&StockCode=44439
422,https://www.fishbase.de/Diseases/diseasesList.php?ID=1247&StockCode=1263
423,https://www.fishbase.de/Diseases/diseasesList.php?ID=2575&StockCode=2771
424,https://www.fishbase.de/Diseases/diseasesList.php?ID=51004&StockCode=42613
425,https://www.fishbase.de/Diseases/diseasesList.php?ID=12378&StockCode=12707
426,https://www.fishbase.de/Diseases/diseasesList.php?ID=46294&StockCode=39014
427,https://www.fishbase.de/Diseases/diseasesList.php?ID=10651&StockCode=10974
428,https://www.fishbase.de/Diseases/diseasesList.php?ID=10652&StockCode=10975
429,https://www.fishbase.de/Diseases/diseasesList.php?ID=10653&StockCode=10976
430,https://www.fishbase.de/Diseases/diseasesList.php?ID=10654&StockCode=10977
431,https://www.fishbase.de/Diseases/diseasesList.php?ID=10655&StockCode=10978
432,https://www.fishbase.de/Diseases/diseasesList.php?ID=26463&StockCode=20731
433,https://www.fishbase.de/Diseases/diseasesList.php?ID=10656&StockCode=10979
434,https://www.fishbase.de/Diseases/diseasesList.php?ID=10659&StockCode=10982
435,https://www.fishbase.de/Diseases/diseasesList.php?ID=274&StockCode=288
436,https://www.fishbase.de/Diseases/diseasesList.php?ID=275&StockCode=289
437,https://www.fishbase.de/Diseases/diseasesList.php?ID=4533&StockCode=4718
438,https://www.fishbase.de/Diseases/diseasesList.php?ID=12895&StockCode=13225
439,https://www.fishbase.de/Diseases/diseasesList.php?ID=13135&StockCode=13456
440,https://www.fishbase.de/Diseases/diseasesList.php?ID=305&StockCode=319
441,https://www.fishbase.de/Diseases/diseasesList.php?ID=48874&StockCode=41065
442,https://www.fishbase.de/Diseases/diseasesList.php?ID=49895&StockCode=41770
443,https://www.fishbase.de/Diseases/diseasesList.php?ID=23467&StockCode=18647
444,https://www.fishbase.de/Diseases/diseasesList.php?ID=48905&StockCode=41095
445,https://www.fishbase.de/Diseases/diseasesList.php?ID=3057&StockCode=3253
446,https://www.fishbase.de/Diseases/diseasesList.php?ID=10016&StockCode=10339
447,https://www.fishbase.de/Diseases/diseasesList.php?ID=13167&StockCode=13493
448,https://www.fishbase.de/Diseases/diseasesList.php?ID=3765&StockCode=3961
449,https://www.fishbase.de/Diseases/diseasesList.php?ID=3019&StockCode=3215
450,https://www.fishbase.de/Diseases/diseasesList.php?ID=6186&StockCode=6499
451,https://www.fishbase.de/Diseases/diseasesList.php?ID=290&StockCode=304
452,https://www.fishbase.de/Diseases/diseasesList.php?ID=1628&StockCode=1821
453,https://www.fishbase.de/Diseases/diseasesList.php?ID=46435&StockCode=39125
454,https://www.fishbase.de/Diseases/diseasesList.php?ID=12388&StockCode=12717
455,https://www.fishbase.de/Diseases/diseasesList.php?ID=5751&StockCode=6044
456,https://www.fishbase.de/Diseases/diseasesList.php?ID=8607&StockCode=8922
457,https://www.fishbase.de/Diseases/diseasesList.php?ID=8609&StockCode=8924
458,https://www.fishbase.de/Diseases/diseasesList.php?ID=8557&StockCode=8872
459,https://www.fishbase.de/Diseases/diseasesList.php?ID=107&StockCode=121
460,https://www.fishbase.de/Diseases/diseasesList.php?ID=12267&StockCode=12593
461,https://www.fishbase.de/Diseases/diseasesList.php?ID=10920&StockCode=11244
462,https://www.fishbase.de/Diseases/diseasesList.php?ID=11991&StockCode=12317
463,https://www.fishbase.de/Diseases/diseasesList.php?ID=23097&StockCode=18344
464,https://www.fishbase.de/Diseases/diseasesList.php?ID=12075&StockCode=12401
465,https://www.fishbase.de/Diseases/diseasesList.php?ID=11542&StockCode=11868
466,https://www.fishbase.de/Diseases/diseasesList.php?ID=4636&StockCode=4824
467,https://www.fishbase.de/Diseases/diseasesList.php?ID=11672&StockCode=11998
468,https://www.fishbase.de/Diseases/diseasesList.php?ID=82&StockCode=97
469,https://www.fishbase.de/Diseases/diseasesList.php?ID=2436&StockCode=2630
470,https://www.fishbase.de/Diseases/diseasesList.php?ID=11588&StockCode=11914
471,https://www.fishbase.de/Diseases/diseasesList.php?ID=4818&StockCode=5047
472,https://www.fishbase.de/Diseases/diseasesList.php?ID=11282&StockCode=11607
473,https://www.fishbase.de/Diseases/diseasesList.php?ID=2325&StockCode=2520
474,https://www.fishbase.de/Diseases/diseasesList.php?ID=2326&StockCode=2521
475,https://www.fishbase.de/Diseases/diseasesList.php?ID=12262&StockCode=12588
476,https://www.fishbase.de/Diseases/diseasesList.php?ID=8263&StockCode=8576
477,https://www.fishbase.de/Diseases/diseasesList.php?ID=8619&StockCode=8934
478,https://www.fishbase.de/Diseases/diseasesList.php?ID=4589&StockCode=4775
479,https://www.fishbase.de/Diseases/diseasesList.php?ID=346&StockCode=360
480,https://www.fishbase.de/Diseases/diseasesList.php?ID=347&StockCode=361
481,https://www.fishbase.de/Diseases/diseasesList.php?ID=4872&StockCode=5102
482,https://www.fishbase.de/Diseases/diseasesList.php?ID=24237&StockCode=19250
483,https://www.fishbase.de/Diseases/diseasesList.php?ID=58882&StockCode=48604
484,https://www.fishbase.de/Diseases/diseasesList.php?ID=3375&StockCode=3571
485,https://www.fishbase.de/Diseases/diseasesList.php?ID=13255&StockCode=13558
486,https://www.fishbase.de/Diseases/diseasesList.php?ID=53288&StockCode=44201
487,https://www.fishbase.de/Diseases/diseasesList.php?ID=5352&StockCode=5591
488,https://www.fishbase.de/Diseases/diseasesList.php?ID=12330&StockCode=12659
489,https://www.fishbase.de/Diseases/diseasesList.php?ID=27665&StockCode=21632
490,https://www.fishbase.de/Diseases/diseasesList.php?ID=58480&StockCode=48205
491,https://www.fishbase.de/Diseases/diseasesList.php?ID=51328&StockCode=42911
492,https://www.fishbase.de/Diseases/diseasesList.php?ID=53304&StockCode=44214
493,https://www.fishbase.de/Diseases/diseasesList.php?ID=4797&StockCode=5026
494,https://www.fishbase.de/Diseases/diseasesList.php?ID=4469&StockCode=4667
495,https://www.fishbase.de/Diseases/diseasesList.php?ID=8314&StockCode=8628
496,https://www.fishbase.de/Diseases/diseasesList.php?ID=1842&StockCode=2038
497,https://www.fishbase.de/Diseases/diseasesList.php?ID=1846&StockCode=2042
498,https://www.fishbase.de/Diseases/diseasesList.php?ID=2801&StockCode=2997
499,https://www.fishbase.de/Diseases/diseasesList.php?ID=521&StockCode=537
500,https://www.fishbase.de/Diseases/diseasesList.php?ID=1550&StockCode=1743
501,https://www.fishbase.de/Diseases/diseasesList.php?ID=310&StockCode=324
502,https://www.fishbase.de/Diseases/diseasesList.php?ID=12117&StockCode=12443
503,https://www.fishbase.de/Diseases/diseasesList.php?ID=1407&StockCode=1456
504,https://www.fishbase.de/Diseases/diseasesList.php?ID=1417&StockCode=1468
505,https://www.fishbase.de/Diseases/diseasesList.php?ID=1406&StockCode=1506
506,https://www.fishbase.de/Diseases/diseasesList.php?ID=261&StockCode=275
507,https://www.fishbase.de/Diseases/diseasesList.php?ID=265&StockCode=279
508,https://www.fishbase.de/Diseases/diseasesList.php?ID=266&StockCode=280
509,https://www.fishbase.de/Diseases/diseasesList.php?ID=264&StockCode=278
510,https://www.fishbase.de/Diseases/diseasesList.php?ID=169&StockCode=183
511,https://www.fishbase.de/Diseases/diseasesList.php?ID=178&StockCode=192
512,https://www.fishbase.de/Diseases/diseasesList.php?ID=184&StockCode=198
513,https://www.fishbase.de/Diseases/diseasesList.php?ID=5152&StockCode=5391
514,https://www.fishbase.de/Diseases/diseasesList.php?ID=25157&StockCode=19913
515,https://www.fishbase.de/Diseases/diseasesList.php?ID=10147&StockCode=10470
516,https://www.fishbase.de/Diseases/diseasesList.php?ID=4777&StockCode=5001
517,https://www.fishbase.de/Diseases/diseasesList.php?ID=2087&StockCode=2282
518,https://www.fishbase.de/Diseases/diseasesList.php?ID=10919&StockCode=11243
519,https://www.fishbase.de/Diseases/diseasesList.php?ID=28227&StockCode=38744
520,https://www.fishbase.de/Diseases/diseasesList.php?ID=10140&StockCode=10463
521,https://www.fishbase.de/Diseases/diseasesList.php?ID=12026&StockCode=12352
522,https://www.fishbase.de/Diseases/diseasesList.php?ID=57873&StockCode=47434
523,https://www.fishbase.de/Diseases/diseasesList.php?ID=4798&StockCode=5027
524,https://www.fishbase.de/Diseases/diseasesList.php?ID=2357&StockCode=2551
525,https://www.fishbase.de/Diseases/diseasesList.php?ID=2374&StockCode=2568
526,https://www.fishbase.de/Diseases/diseasesList.php?ID=8345&StockCode=8659
527,https://www.fishbase.de/Diseases/diseasesList.php?ID=49946&StockCode=41805
528,https://www.fishbase.de/Diseases/diseasesList.php?ID=384&StockCode=398
529,https://www.fishbase.de/Diseases/diseasesList.php?ID=53291&StockCode=44204
530,https://www.fishbase.de/Diseases/diseasesList.php?ID=51875&StockCode=43304
531,https://www.fishbase.de/Diseases/diseasesList.php?ID=47742&StockCode=40117
532,https://www.fishbase.de/Diseases/diseasesList.php?ID=227&StockCode=241
533,https://www.fishbase.de/Diseases/diseasesList.php?ID=2343&StockCode=2537
534,https://www.fishbase.de/Diseases/diseasesList.php?ID=10489&StockCode=10811
535,https://www.fishbase.de/Diseases/diseasesList.php?ID=10497&StockCode=10818
536,https://www.fishbase.de/Diseases/diseasesList.php?ID=11306&StockCode=11631
537,https://www.fishbase.de/Diseases/diseasesList.php?ID=11307&StockCode=11632
538,https://www.fishbase.de/Diseases/diseasesList.php?ID=10516&StockCode=10838
539,https://www.fishbase.de/Diseases/diseasesList.php?ID=13102&StockCode=13414
540,https://www.fishbase.de/Diseases/diseasesList.php?ID=390&StockCode=404
541,https://www.fishbase.de/Diseases/diseasesList.php?ID=11140&StockCode=11464
542,https://www.fishbase.de/Diseases/diseasesList.php?ID=3381&StockCode=3577
543,https://www.fishbase.de/Diseases/diseasesList.php?ID=3385&StockCode=3581
544,https://www.fishbase.de/Diseases/diseasesList.php?ID=12305&StockCode=12631
545,https://www.fishbase.de/Diseases/diseasesList.php?ID=3016&StockCode=3212
546,https://www.fishbase.de/Diseases/diseasesList.php?ID=10674&StockCode=10997
547,https://www.fishbase.de/Diseases/diseasesList.php?ID=5807&StockCode=6102
548,https://www.fishbase.de/Diseases/diseasesList.php?ID=9915&StockCode=10238
549,https://www.fishbase.de/Diseases/diseasesList.php?ID=4663&StockCode=4880
550,https://www.fishbase.de/Diseases/diseasesList.php?ID=8767&StockCode=9089
551,https://www.fishbase.de/Diseases/diseasesList.php?ID=5386&StockCode=5645
552,https://www.fishbase.de/Diseases/diseasesList.php?ID=10968&StockCode=11291
553,https://www.fishbase.de/Diseases/diseasesList.php?ID=355&StockCode=369
554,https://www.fishbase.de/Diseases/diseasesList.php?ID=353&StockCode=367
555,https://www.fishbase.de/Diseases/diseasesList.php?ID=785&StockCode=801
556,https://www.fishbase.de/Diseases/diseasesList.php?ID=1090&StockCode=1106
557,https://www.fishbase.de/Diseases/diseasesList.php?ID=298&StockCode=312
558,https://www.fishbase.de/Diseases/diseasesList.php?ID=53333&StockCode=44239
559,https://www.fishbase.de/Diseases/diseasesList.php?ID=4602&StockCode=4789
560,https://www.fishbase.de/Diseases/diseasesList.php?ID=11960&StockCode=12286
561,https://www.fishbase.de/Diseases/diseasesList.php?ID=28031&StockCode=38656
562,https://www.fishbase.de/Diseases/diseasesList.php?ID=25523&StockCode=20140
563,https://www.fishbase.de/Diseases/diseasesList.php?ID=5140&StockCode=5377
564,https://www.fishbase.de/Diseases/diseasesList.php?ID=5139&StockCode=5376
565,https://www.fishbase.de/Diseases/diseasesList.php?ID=24731&StockCode=19598
566,https://www.fishbase.de/Diseases/diseasesList.php?ID=5137&StockCode=5375
567,https://www.fishbase.de/Diseases/diseasesList.php?ID=10260&StockCode=10583
568,https://www.fishbase.de/Diseases/diseasesList.php?ID=11180&StockCode=11505
569,https://www.fishbase.de/Diseases/diseasesList.php?ID=47072&StockCode=39641
570,https://www.fishbase.de/Diseases/diseasesList.php?ID=10750&StockCode=11073
571,https://www.fishbase.de/Diseases/diseasesList.php?ID=1263&StockCode=1280
572,https://www.fishbase.de/Diseases/diseasesList.php?ID=1265&StockCode=1282
573,https://www.fishbase.de/Diseases/diseasesList.php?ID=6024&StockCode=6338
574,https://www.fishbase.de/Diseases/diseasesList.php?ID=5163&StockCode=5402
575,https://www.fishbase.de/Diseases/diseasesList.php?ID=12393&StockCode=12722
576,https://www.fishbase.de/Diseases/diseasesList.php?ID=10683&StockCode=11007
577,https://www.fishbase.de/Diseases/diseasesList.php?ID=4559&StockCode=4744
578,https://www.fishbase.de/Diseases/diseasesList.php?ID=8670&StockCode=8986
579,https://www.fishbase.de/Diseases/diseasesList.php?ID=4911&StockCode=5144
580,https://www.fishbase.de/Diseases/diseasesList.php?ID=10220&StockCode=10543
581,https://www.fishbase.de/Diseases/diseasesList.php?ID=2280&StockCode=2478
582,https://www.fishbase.de/Diseases/diseasesList.php?ID=2275&StockCode=2473
583,https://www.fishbase.de/Diseases/diseasesList.php?ID=2274&StockCode=2472
584,https://www.fishbase.de/Diseases/diseasesList.php?ID=2277&StockCode=2475
585,https://www.fishbase.de/Diseases/diseasesList.php?ID=2279&StockCode=2477
586,https://www.fishbase.de/Diseases/diseasesList.php?ID=276&StockCode=290
587,https://www.fishbase.de/Diseases/diseasesList.php?ID=4715&StockCode=4936
588,https://www.fishbase.de/Diseases/diseasesList.php?ID=9859&StockCode=10182
589,https://www.fishbase.de/Diseases/diseasesList.php?ID=9865&StockCode=10188
590,https://www.fishbase.de/Diseases/diseasesList.php?ID=9868&StockCode=10191
591,https://www.fishbase.de/Diseases/diseasesList.php?ID=7990&StockCode=8301
592,https://www.fishbase.de/Diseases/diseasesList.php?ID=2282&StockCode=2480
593,https://www.fishbase.de/Diseases/diseasesList.php?ID=50716&StockCode=42396
594,https://www.fishbase.de/Diseases/diseasesList.php?ID=1001&StockCode=1017
595,https://www.fishbase.de/Diseases/diseasesList.php?ID=4763&StockCode=4987
596,https://www.fishbase.de/Diseases/diseasesList.php?ID=6535&StockCode=6856
597,https://www.fishbase.de/Diseases/diseasesList.php?ID=13327&StockCode=13599
598,https://www.fishbase.de/Diseases/diseasesList.php?ID=2688&StockCode=2884
599,https://www.fishbase.de/Diseases/diseasesList.php?ID=245&StockCode=259
600,https://www.fishbase.de/Diseases/diseasesList.php?ID=239&StockCode=253
601,https://www.fishbase.de/Diseases/diseasesList.php?ID=243&StockCode=257
602,https://www.fishbase.de/Diseases/diseasesList.php?ID=244&StockCode=258
603,https://www.fishbase.de/Diseases/diseasesList.php?ID=1486&StockCode=1679
604,https://www.fishbase.de/Diseases/diseasesList.php?ID=6538&StockCode=6859
605,https://www.fishbase.de/Diseases/diseasesList.php?ID=2035&StockCode=2232
606,https://www.fishbase.de/Diseases/diseasesList.php?ID=1399&StockCode=1425
607,https://www.fishbase.de/Diseases/diseasesList.php?ID=1387&StockCode=1423
608,https://www.fishbase.de/Diseases/diseasesList.php?ID=1431&StockCode=1486
609,https://www.fishbase.de/Diseases/diseasesList.php?ID=1413&StockCode=1462
610,https://www.fishbase.de/Diseases/diseasesList.php?ID=1415&StockCode=1465
611,https://www.fishbase.de/Diseases/diseasesList.php?ID=3&StockCode=3
612,https://www.fishbase.de/Diseases/diseasesList.php?ID=2&StockCode=1
613,https://www.fishbase.de/Diseases/diseasesList.php?ID=1420&StockCode=1472
614,https://www.fishbase.de/Diseases/diseasesList.php?ID=1430&StockCode=1485
615,https://www.fishbase.de/Diseases/diseasesList.php?ID=5&StockCode=5
616,https://www.fishbase.de/Diseases/diseasesList.php?ID=498&StockCode=514
617,https://www.fishbase.de/Diseases/diseasesList.php?ID=6234&StockCode=6547
618,https://www.fishbase.de/Diseases/diseasesList.php?ID=50441&StockCode=42149
619,https://www.fishbase.de/Diseases/diseasesList.php?ID=12056&StockCode=12382
620,https://www.fishbase.de/Diseases/diseasesList.php?ID=5599&StockCode=5891
621,https://www.fishbase.de/Diseases/diseasesList.php?ID=47639&StockCode=40036
622,https://www.fishbase.de/Diseases/diseasesList.php?ID=12108&StockCode=12434
623,https://www.fishbase.de/Diseases/diseasesList.php?ID=5376&StockCode=5633
624,https://www.fishbase.de/Diseases/diseasesList.php?ID=9978&StockCode=10301
625,https://www.fishbase.de/Diseases/diseasesList.php?ID=5494&StockCode=5772
626,https://www.fishbase.de/Diseases/diseasesList.php?ID=6426&StockCode=6747
627,https://www.fishbase.de/Diseases/diseasesList.php?ID=445&StockCode=459
628,https://www.fishbase.de/Diseases/diseasesList.php?ID=491&StockCode=507
629,https://www.fishbase.de/Diseases/diseasesList.php?ID=12216&StockCode=12542
630,https://www.fishbase.de/Diseases/diseasesList.php?ID=14154&StockCode=14046
631,https://www.fishbase.de/Diseases/diseasesList.php?ID=14194&StockCode=14066
632,https://www.fishbase.de/Diseases/diseasesList.php?ID=292&StockCode=306
633,https://www.fishbase.de/Diseases/diseasesList.php?ID=12276&StockCode=12603
634,https://www.fishbase.de/Diseases/diseasesList.php?ID=59459&StockCode=49215
635,https://www.fishbase.de/Diseases/diseasesList.php?ID=2075&StockCode=2271
636,https://www.fishbase.de/Diseases/diseasesList.php?ID=6017&StockCode=6331
637,https://www.fishbase.de/Diseases/diseasesList.php?ID=7887&StockCode=8198
638,https://www.fishbase.de/Diseases/diseasesList.php?ID=8195&StockCode=8508
639,https://www.fishbase.de/Diseases/diseasesList.php?ID=10691&StockCode=11014
640,https://www.fishbase.de/Diseases/diseasesList.php?ID=7325&StockCode=7625
641,https://www.fishbase.de/Diseases/diseasesList.php?ID=4684&StockCode=4902
642,https://www.fishbase.de/Diseases/diseasesList.php?ID=4776&StockCode=5000
643,https://www.fishbase.de/Diseases/diseasesList.php?ID=8782&StockCode=9103
644,https://www.fishbase.de/Diseases/diseasesList.php?ID=1338&StockCode=1356
645,https://www.fishbase.de/Diseases/diseasesList.php?ID=1351&StockCode=1369
646,https://www.fishbase.de/Diseases/diseasesList.php?ID=10130&StockCode=10453
647,https://www.fishbase.de/Diseases/diseasesList.php?ID=16235&StockCode=15000
648,https://www.fishbase.de/Diseases/diseasesList.php?ID=17244&StockCode=15500
649,https://www.fishbase.de/Diseases/diseasesList.php?ID=49980&StockCode=41834
650,https://www.fishbase.de/Diseases/diseasesList.php?ID=25082&StockCode=19846
651,https://www.fishbase.de/Diseases/diseasesList.php?ID=1947&StockCode=2143
652,https://www.fishbase.de/Diseases/diseasesList.php?ID=9363&StockCode=9685
653,https://www.fishbase.de/Diseases/diseasesList.php?ID=9364&StockCode=9686
654,https://www.fishbase.de/Diseases/diseasesList.php?ID=5987&StockCode=6296
655,https://www.fishbase.de/Diseases/diseasesList.php?ID=5992&StockCode=6301
656,https://www.fishbase.de/Diseases/diseasesList.php?ID=7878&StockCode=8188
657,https://www.fishbase.de/Diseases/diseasesList.php?ID=49978&StockCode=41832
658,https://www.fishbase.de/Diseases/diseasesList.php?ID=7945&StockCode=8256
659,https://www.fishbase.de/Diseases/diseasesList.php?ID=7778&StockCode=8088
660,https://www.fishbase.de/Diseases/diseasesList.php?ID=8799&StockCode=9120
661,https://www.fishbase.de/Diseases/diseasesList.php?ID=13664&StockCode=13748
662,https://www.fishbase.de/Diseases/diseasesList.php?ID=492&StockCode=508
663,https://www.fishbase.de/Diseases/diseasesList.php?ID=358&StockCode=372
664,https://www.fishbase.de/Diseases/diseasesList.php?ID=53686&StockCode=44527
665,https://www.fishbase.de/Diseases/diseasesList.php?ID=12129&StockCode=12455
666,https://www.fishbase.de/Diseases/diseasesList.php?ID=26819&StockCode=20982
667,https://www.fishbase.de/Diseases/diseasesList.php?ID=4714&StockCode=4935
668,https://www.fishbase.de/Diseases/diseasesList.php?ID=6144&StockCode=6457
669,https://www.fishbase.de/Diseases/diseasesList.php?ID=10660&StockCode=10983
670,https://www.fishbase.de/Diseases/diseasesList.php?ID=4449&StockCode=4647
671,https://www.fishbase.de/Diseases/diseasesList.php?ID=15908&StockCode=14929
672,https://www.fishbase.de/Diseases/diseasesList.php?ID=5808&StockCode=6104
673,https://www.fishbase.de/Diseases/diseasesList.php?ID=55383&StockCode=45873
674,https://www.fishbase.de/Diseases/diseasesList.php?ID=11323&StockCode=11648
675,https://www.fishbase.de/Diseases/diseasesList.php?ID=48498&StockCode=40746
676,https://www.fishbase.de/Diseases/diseasesList.php?ID=23450&StockCode=18630
677,https://www.fishbase.de/Diseases/diseasesList.php?ID=23451&StockCode=18631
678,https://www.fishbase.de/Diseases/diseasesList.php?ID=53231&StockCode=44158
679,https://www.fishbase.de/Diseases/diseasesList.php?ID=13115&StockCode=13423
680,https://www.fishbase.de/Diseases/diseasesList.php?ID=4785&StockCode=5009
681,https://www.fishbase.de/Diseases/diseasesList.php?ID=8688&StockCode=9005
682,https://www.fishbase.de/Diseases/diseasesList.php?ID=2149&StockCode=2348
683,https://www.fishbase.de/Diseases/diseasesList.php?ID=4819&StockCode=5048
684,https://www.fishbase.de/Diseases/diseasesList.php?ID=5737&StockCode=6030
685,https://www.fishbase.de/Diseases/diseasesList.php?ID=1341&StockCode=1359
686,https://www.fishbase.de/Diseases/diseasesList.php?ID=1341&StockCode=6308
687,https://www.fishbase.de/Diseases/diseasesList.php?ID=950&StockCode=966
688,https://www.fishbase.de/Diseases/diseasesList.php?ID=12107&StockCode=12433
689,https://www.fishbase.de/Diseases/diseasesList.php?ID=251&StockCode=265
690,https://www.fishbase.de/Diseases/diseasesList.php?ID=4826&StockCode=5055
691,https://www.fishbase.de/Diseases/diseasesList.php?ID=8167&StockCode=8478
692,https://www.fishbase.de/Diseases/diseasesList.php?ID=4706&StockCode=4927
693,https://www.fishbase.de/Diseases/diseasesList.php?ID=3226&StockCode=3422
694,https://www.fishbase.de/Diseases/diseasesList.php?ID=3227&StockCode=3423
695,https://www.fishbase.de/Diseases/diseasesList.php?ID=3228&StockCode=3424
696,https://www.fishbase.de/Diseases/diseasesList.php?ID=4680&StockCode=4898
697,https://www.fishbase.de/Diseases/diseasesList.php?ID=4773&StockCode=4997
698,https://www.fishbase.de/Diseases/diseasesList.php?ID=3229&StockCode=3425
699,https://www.fishbase.de/Diseases/diseasesList.php?ID=34&StockCode=44
700,https://www.fishbase.de/Diseases/diseasesList.php?ID=11028&StockCode=11352
701,https://www.fishbase.de/Diseases/diseasesList.php?ID=4470&StockCode=4668
702,https://www.fishbase.de/Diseases/diseasesList.php?ID=8318&StockCode=8632
703,https://www.fishbase.de/Diseases/diseasesList.php?ID=5024&StockCode=5259
704,https://www.fishbase.de/Diseases/diseasesList.php?ID=6504&StockCode=6825
705,https://www.fishbase.de/Diseases/diseasesList.php?ID=5663&StockCode=5956
706,https://www.fishbase.de/Diseases/diseasesList.php?ID=5662&StockCode=5955
707,https://www.fishbase.de/Diseases/diseasesList.php?ID=399&StockCode=413
708,https://www.fishbase.de/Diseases/diseasesList.php?ID=364&StockCode=378
709,https://www.fishbase.de/Diseases/diseasesList.php?ID=9190&StockCode=9511
710,https://www.fishbase.de/Diseases/diseasesList.php?ID=1345&StockCode=1363
711,https://www.fishbase.de/Diseases/diseasesList.php?ID=2462&StockCode=2656
712,https://www.fishbase.de/Diseases/diseasesList.php?ID=25512&StockCode=20130
713,https://www.fishbase.de/Diseases/diseasesList.php?ID=13098&StockCode=13411
714,https://www.fishbase.de/Diseases/diseasesList.php?ID=6382&StockCode=6703
715,https://www.fishbase.de/Diseases/diseasesList.php?ID=6632&StockCode=6952
716,https://www.fishbase.de/Diseases/diseasesList.php?ID=13056&StockCode=13379
717,https://www.fishbase.de/Diseases/diseasesList.php?ID=8734&StockCode=9056
718,https://www.fishbase.de/Diseases/diseasesList.php?ID=9946&StockCode=10269
719,https://www.fishbase.de/Diseases/diseasesList.php?ID=513&StockCode=529
720,https://www.fishbase.de/Diseases/diseasesList.php?ID=6027&StockCode=6341
721,https://www.fishbase.de/Diseases/diseasesList.php?ID=6894&StockCode=7215
722,https://www.fishbase.de/Diseases/diseasesList.php?ID=50652&StockCode=42342
723,https://www.fishbase.de/Diseases/diseasesList.php?ID=10530&StockCode=10852
724,https://www.fishbase.de/Diseases/diseasesList.php?ID=58260&StockCode=47909
725,https://www.fishbase.de/Diseases/diseasesList.php?ID=8674&StockCode=8991
726,https://www.fishbase.de/Diseases/diseasesList.php?ID=6410&StockCode=6731
727,https://www.fishbase.de/Diseases/diseasesList.php?ID=524&StockCode=540
728,https://www.fishbase.de/Diseases/diseasesList.php?ID=1335&StockCode=1353
729,https://www.fishbase.de/Diseases/diseasesList.php?ID=2366&StockCode=2560
730,https://www.fishbase.de/Diseases/diseasesList.php?ID=2346&StockCode=2540
731,https://www.fishbase.de/Diseases/diseasesList.php?ID=12109&StockCode=12435
732,https://www.fishbase.de/Diseases/diseasesList.php?ID=4914&StockCode=5147
733,https://www.fishbase.de/Diseases/diseasesList.php?ID=47075&StockCode=39644
734,https://www.fishbase.de/Diseases/diseasesList.php?ID=4717&StockCode=4938
735,https://www.fishbase.de/Diseases/diseasesList.php?ID=4793&StockCode=5021
736,https://www.fishbase.de/Diseases/diseasesList.php?ID=4766&StockCode=4990
737,https://www.fishbase.de/Diseases/diseasesList.php?ID=10137&StockCode=10460
738,https://www.fishbase.de/Diseases/diseasesList.php?ID=6147&StockCode=6460
739,https://www.fishbase.de/Diseases/diseasesList.php?ID=4501&StockCode=4699
740,https://www.fishbase.de/Diseases/diseasesList.php?ID=3542&StockCode=3738
741,https://www.fishbase.de/Diseases/diseasesList.php?ID=5169&StockCode=5408
742,https://www.fishbase.de/Diseases/diseasesList.php?ID=10834&StockCode=11157
743,https://www.fishbase.de/Diseases/diseasesList.php?ID=10364&StockCode=10686
744,https://www.fishbase.de/Diseases/diseasesList.php?ID=12179&StockCode=12506
745,https://www.fishbase.de/Diseases/diseasesList.php?ID=10372&StockCode=10695
746,https://www.fishbase.de/Diseases/diseasesList.php?ID=4771&StockCode=4995
747,https://www.fishbase.de/Diseases/diseasesList.php?ID=6148&StockCode=6461
748,https://www.fishbase.de/Diseases/diseasesList.php?ID=109&StockCode=123
749,https://www.fishbase.de/Diseases/diseasesList.php?ID=110&StockCode=124
750,https://www.fishbase.de/Diseases/diseasesList.php?ID=111&StockCode=125
751,https://www.fishbase.de/Diseases/diseasesList.php?ID=281&StockCode=295
752,https://www.fishbase.de/Diseases/diseasesList.php?ID=23351&StockCode=18548
753,https://www.fishbase.de/Diseases/diseasesList.php?ID=28040&StockCode=38665
754,https://www.fishbase.de/Diseases/diseasesList.php?ID=26793&StockCode=20957
755,https://www.fishbase.de/Diseases/diseasesList.php?ID=26801&StockCode=20966
756,https://www.fishbase.de/Diseases/diseasesList.php?ID=2081&StockCode=2276
757,https://www.fishbase.de/Diseases/diseasesList.php?ID=48588&StockCode=40820
758,https://www.fishbase.de/Diseases/diseasesList.php?ID=47624&StockCode=40023
759,https://www.fishbase.de/Diseases/diseasesList.php?ID=905&StockCode=921
760,https://www.fishbase.de/Diseases/diseasesList.php?ID=2948&StockCode=3144
761,https://www.fishbase.de/Diseases/diseasesList.php?ID=4666&StockCode=4883
762,https://www.fishbase.de/Diseases/diseasesList.php?ID=4884&StockCode=5115
763,https://www.fishbase.de/Diseases/diseasesList.php?ID=3616&StockCode=3812
764,https://www.fishbase.de/Diseases/diseasesList.php?ID=1252&StockCode=1268
765,https://www.fishbase.de/Diseases/diseasesList.php?ID=272&StockCode=286
766,https://www.fishbase.de/Diseases/diseasesList.php?ID=56329&StockCode=46380
767,https://www.fishbase.de/Diseases/diseasesList.php?ID=51188&StockCode=42777
768,https://www.fishbase.de/Diseases/diseasesList.php?ID=236&StockCode=250
769,https://www.fishbase.de/Diseases/diseasesList.php?ID=238&StockCode=252
770,https://www.fishbase.de/Diseases/diseasesList.php?ID=247&StockCode=261
771,https://www.fishbase.de/Diseases/diseasesList.php?ID=246&StockCode=260
772,https://www.fishbase.de/Diseases/diseasesList.php?ID=248&StockCode=262
773,https://www.fishbase.de/Diseases/diseasesList.php?ID=112&StockCode=126
774,https://www.fishbase.de/Diseases/diseasesList.php?ID=113&StockCode=127
775,https://www.fishbase.de/Diseases/diseasesList.php?ID=4796&StockCode=5024
776,https://www.fishbase.de/Diseases/diseasesList.php?ID=114&StockCode=128
777,https://www.fishbase.de/Diseases/diseasesList.php?ID=115&StockCode=129
778,https://www.fishbase.de/Diseases/diseasesList.php?ID=1502&StockCode=1695
779,https://www.fishbase.de/Diseases/diseasesList.php?ID=1507&StockCode=1700
780,https://www.fishbase.de/Diseases/diseasesList.php?ID=1511&StockCode=1704
781,https://www.fishbase.de/Diseases/diseasesList.php?ID=1477&StockCode=1670
782,https://www.fishbase.de/Diseases/diseasesList.php?ID=4909&StockCode=5142
783,https://www.fishbase.de/Diseases/diseasesList.php?ID=1389&StockCode=4635
784,https://www.fishbase.de/Diseases/diseasesList.php?ID=1412&StockCode=1461
785,https://www.fishbase.de/Diseases/diseasesList.php?ID=11168&StockCode=11493
786,https://www.fishbase.de/Diseases/diseasesList.php?ID=2951&StockCode=3147
787,https://www.fishbase.de/Diseases/diseasesList.php?ID=5544&StockCode=5834
788,https://www.fishbase.de/Diseases/diseasesList.php?ID=4698&StockCode=4919
789,https://www.fishbase.de/Diseases/diseasesList.php?ID=2447&StockCode=2641
790,https://www.fishbase.de/Diseases/diseasesList.php?ID=53266&StockCode=44184
791,https://www.fishbase.de/Diseases/diseasesList.php?ID=23448&StockCode=18628
792,https://www.fishbase.de/Diseases/diseasesList.php?ID=53725&StockCode=44559
793,https://www.fishbase.de/Diseases/diseasesList.php?ID=53264&StockCode=44182
794,https://www.fishbase.de/Diseases/diseasesList.php?ID=953&StockCode=969
795,https://www.fishbase.de/Diseases/diseasesList.php?ID=2239&StockCode=2437
796,https://www.fishbase.de/Diseases/diseasesList.php?ID=1191&StockCode=1207
797,https://www.fishbase.de/Diseases/diseasesList.php?ID=6357&StockCode=6670
798,https://www.fishbase.de/Diseases/diseasesList.php?ID=54736&StockCode=45318
799,https://www.fishbase.de/Diseases/diseasesList.php?ID=118&StockCode=132
800,https://www.fishbase.de/Diseases/diseasesList.php?ID=1951&StockCode=2147
801,https://www.fishbase.de/Diseases/diseasesList.php?ID=120&StockCode=134
802,https://www.fishbase.de/Diseases/diseasesList.php?ID=121&StockCode=135
803,https://www.fishbase.de/Diseases/diseasesList.php?ID=123&StockCode=137
804,https://www.fishbase.de/Diseases/diseasesList.php?ID=126&StockCode=140
805,https://www.fishbase.de/Diseases/diseasesList.php?ID=134&StockCode=148
806,https://www.fishbase.de/Diseases/diseasesList.php?ID=530&StockCode=546
807,https://www.fishbase.de/Diseases/diseasesList.php?ID=1348&StockCode=1366
808,https://www.fishbase.de/Diseases/diseasesList.php?ID=3961&StockCode=4157
809,https://www.fishbase.de/Diseases/diseasesList.php?ID=3978&StockCode=4174
810,https://www.fishbase.de/Diseases/diseasesList.php?ID=3984&StockCode=4180
811,https://www.fishbase.de/Diseases/diseasesList.php?ID=6534&StockCode=6854
812,https://www.fishbase.de/Diseases/diseasesList.php?ID=387&StockCode=401
813,https://www.fishbase.de/Diseases/diseasesList.php?ID=388&StockCode=402
814,https://www.fishbase.de/Diseases/diseasesList.php?ID=1956&StockCode=2152
815,https://www.fishbase.de/Diseases/diseasesList.php?ID=1004&StockCode=1020
816,https://www.fishbase.de/Diseases/diseasesList.php?ID=1005&StockCode=1021
817,https://www.fishbase.de/Diseases/diseasesList.php?ID=1961&StockCode=2157
818,https://www.fishbase.de/Diseases/diseasesList.php?ID=381&StockCode=395
819,https://www.fishbase.de/Diseases/diseasesList.php?ID=1962&StockCode=2158
820,https://www.fishbase.de/Diseases/diseasesList.php?ID=11963&StockCode=12289
821,https://www.fishbase.de/Diseases/diseasesList.php?ID=51991&StockCode=43372
822,https://www.fishbase.de/Diseases/diseasesList.php?ID=55016&StockCode=45559
823,https://www.fishbase.de/Diseases/diseasesList.php?ID=11973&StockCode=12299
824,https://www.fishbase.de/Diseases/diseasesList.php?ID=610&StockCode=626
825,https://www.fishbase.de/Diseases/diseasesList.php?ID=4614&StockCode=4801
826,https://www.fishbase.de/Diseases/diseasesList.php?ID=4456&StockCode=4654
827,https://www.fishbase.de/Diseases/diseasesList.php?ID=4616&StockCode=4803
828,https://www.fishbase.de/Diseases/diseasesList.php?ID=4588&StockCode=4774
829,https://www.fishbase.de/Diseases/diseasesList.php?ID=4618&StockCode=4805
830,https://www.fishbase.de/Diseases/diseasesList.php?ID=4457&StockCode=4655
831,https://www.fishbase.de/Diseases/diseasesList.php?ID=4624&StockCode=4811
832,https://www.fishbase.de/Diseases/diseasesList.php?ID=402&StockCode=416
833,https://www.fishbase.de/Diseases/diseasesList.php?ID=7925&StockCode=8236
834,https://www.fishbase.de/Diseases/diseasesList.php?ID=4544&StockCode=4729
835,https://www.fishbase.de/Diseases/diseasesList.php?ID=12003&StockCode=12329
836,https://www.fishbase.de/Diseases/diseasesList.php?ID=289&StockCode=303
837,https://www.fishbase.de/Diseases/diseasesList.php?ID=28054&StockCode=38674
838,https://www.fishbase.de/Diseases/diseasesList.php?ID=11950&StockCode=12276
839,https://www.fishbase.de/Diseases/diseasesList.php?ID=8852&StockCode=9173
840,https://www.fishbase.de/Diseases/diseasesList.php?ID=525&StockCode=541
841,https://www.fishbase.de/Diseases/diseasesList.php?ID=1164&StockCode=1180
842,https://www.fishbase.de/Diseases/diseasesList.php?ID=5496&StockCode=5774
843,https://www.fishbase.de/Diseases/diseasesList.php?ID=11235&StockCode=11560
844,https://www.fishbase.de/Diseases/diseasesList.php?ID=7937&StockCode=8248
845,https://www.fishbase.de/Diseases/diseasesList.php?ID=4827&StockCode=5056
846,https://www.fishbase.de/Diseases/diseasesList.php?ID=912&StockCode=928
847,https://www.fishbase.de/Diseases/diseasesList.php?ID=48552&StockCode=40795
848,https://www.fishbase.de/Diseases/diseasesList.php?ID=53116&StockCode=44087
849,https://www.fishbase.de/Diseases/diseasesList.php?ID=12224&StockCode=12550
850,https://www.fishbase.de/Diseases/diseasesList.php?ID=25119&StockCode=19882
851,https://www.fishbase.de/Diseases/diseasesList.php?ID=566&StockCode=582
852,https://www.fishbase.de/Diseases/diseasesList.php?ID=12141&StockCode=12467
853,https://www.fishbase.de/Diseases/diseasesList.php?ID=8121&StockCode=8432
854,https://www.fishbase.de/Diseases/diseasesList.php?ID=1315&StockCode=1333
855,https://www.fishbase.de/Diseases/diseasesList.php?ID=1316&StockCode=1334
856,https://www.fishbase.de/Diseases/diseasesList.php?ID=14497&StockCode=14270
857,https://www.fishbase.de/Diseases/diseasesList.php?ID=11185&StockCode=11510
858,https://www.fishbase.de/Diseases/diseasesList.php?ID=11186&StockCode=11511
859,https://www.fishbase.de/Diseases/diseasesList.php?ID=5319&StockCode=5559
860,https://www.fishbase.de/Diseases/diseasesList.php?ID=10892&StockCode=11216
861,https://www.fishbase.de/Diseases/diseasesList.php?ID=9533&StockCode=9856
862,https://www.fishbase.de/Diseases/diseasesList.php?ID=9529&StockCode=9851
863,https://www.fishbase.de/Diseases/diseasesList.php?ID=9559&StockCode=9882
864,https://www.fishbase.de/Diseases/diseasesList.php?ID=9517&StockCode=9840
865,https://www.fishbase.de/Diseases/diseasesList.php?ID=2458&StockCode=2652
866,https://www.fishbase.de/Diseases/diseasesList.php?ID=9638&StockCode=9961
867,https://www.fishbase.de/Diseases/diseasesList.php?ID=13197&StockCode=13523
868,https://www.fishbase.de/Diseases/diseasesList.php?ID=28052&StockCode=38672
869,https://www.fishbase.de/Diseases/diseasesList.php?ID=8198&StockCode=8511
870,https://www.fishbase.de/Diseases/diseasesList.php?ID=4758&StockCode=4982
871,https://www.fishbase.de/Diseases/diseasesList.php?ID=54649&StockCode=45240
872,https://www.fishbase.de/Diseases/diseasesList.php?ID=1596&StockCode=1789
873,https://www.fishbase.de/Diseases/diseasesList.php?ID=4458&StockCode=4656
874,https://www.fishbase.de/Diseases/diseasesList.php?ID=7946&StockCode=8257
875,https://www.fishbase.de/Diseases/diseasesList.php?ID=4502&StockCode=4700
876,https://www.fishbase.de/Diseases/diseasesList.php?ID=26475&StockCode=20753
877,https://www.fishbase.de/Diseases/diseasesList.php?ID=5466&StockCode=5742
878,https://www.fishbase.de/Diseases/diseasesList.php?ID=10716&StockCode=11038
879,https://www.fishbase.de/Diseases/diseasesList.php?ID=12401&StockCode=12730
880,https://www.fishbase.de/Diseases/diseasesList.php?ID=26797&StockCode=20962
881,https://www.fishbase.de/Diseases/diseasesList.php?ID=7324&StockCode=7624
882,https://www.fishbase.de/Diseases/diseasesList.php?ID=26811&StockCode=20974
883,https://www.fishbase.de/Diseases/diseasesList.php?ID=26812&StockCode=20975
884,https://www.fishbase.de/Diseases/diseasesList.php?ID=26501&StockCode=20782
885,https://www.fishbase.de/Diseases/diseasesList.php?ID=4676&StockCode=4894
886,https://www.fishbase.de/Diseases/diseasesList.php?ID=26814&StockCode=20976
887,https://www.fishbase.de/Diseases/diseasesList.php?ID=589&StockCode=605
888,https://www.fishbase.de/Diseases/diseasesList.php?ID=142&StockCode=156
889,https://www.fishbase.de/Diseases/diseasesList.php?ID=143&StockCode=157
890,https://www.fishbase.de/Diseases/diseasesList.php?ID=144&StockCode=158
891,https://www.fishbase.de/Diseases/diseasesList.php?ID=145&StockCode=159
892,https://www.fishbase.de/Diseases/diseasesList.php?ID=146&StockCode=160
893,https://www.fishbase.de/Diseases/diseasesList.php?ID=14290&StockCode=14134
894,https://www.fishbase.de/Diseases/diseasesList.php?ID=147&StockCode=161
895,https://www.fishbase.de/Diseases/diseasesList.php?ID=148&StockCode=162
896,https://www.fishbase.de/Diseases/diseasesList.php?ID=4719&StockCode=4940
897,https://www.fishbase.de/Diseases/diseasesList.php?ID=269&StockCode=283
898,https://www.fishbase.de/Diseases/diseasesList.php?ID=13216&StockCode=13538
899,https://www.fishbase.de/Diseases/diseasesList.php?ID=9194&StockCode=9515
900,https://www.fishbase.de/Diseases/diseasesList.php?ID=4644&StockCode=4832
901,https://www.fishbase.de/Diseases/diseasesList.php?ID=8229&StockCode=8542
902,https://www.fishbase.de/Diseases/diseasesList.php?ID=13280&StockCode=13579
903,https://www.fishbase.de/Diseases/diseasesList.php?ID=48681&StockCode=40896
904,https://www.fishbase.de/Diseases/diseasesList.php?ID=1963&StockCode=2159
905,https://www.fishbase.de/Diseases/diseasesList.php?ID=380&StockCode=394
906,https://www.fishbase.de/Diseases/diseasesList.php?ID=1010&StockCode=1026
907,https://www.fishbase.de/Diseases/diseasesList.php?ID=1975&StockCode=2171
908,https://www.fishbase.de/Diseases/diseasesList.php?ID=372&StockCode=386
909,https://www.fishbase.de/Diseases/diseasesList.php?ID=367&StockCode=381
910,https://www.fishbase.de/Diseases/diseasesList.php?ID=1979&StockCode=2175
911,https://www.fishbase.de/Diseases/diseasesList.php?ID=47587&StockCode=39994
912,https://www.fishbase.de/Diseases/diseasesList.php?ID=1288&StockCode=1305
913,https://www.fishbase.de/Diseases/diseasesList.php?ID=11201&StockCode=11526
914,https://www.fishbase.de/Diseases/diseasesList.php?ID=4770&StockCode=4994
915,https://www.fishbase.de/Diseases/diseasesList.php?ID=4772&StockCode=4996
916,https://www.fishbase.de/Diseases/diseasesList.php?ID=4774&StockCode=4998
917,https://www.fishbase.de/Diseases/diseasesList.php?ID=48677&StockCode=40892
918,https://www.fishbase.de/Diseases/diseasesList.php?ID=4674&StockCode=4892
919,https://www.fishbase.de/Diseases/diseasesList.php?ID=4729&StockCode=4953
920,https://www.fishbase.de/Diseases/diseasesList.php?ID=499&StockCode=515
921,https://www.fishbase.de/Diseases/diseasesList.php?ID=4675&StockCode=4893
922,https://www.fishbase.de/Diseases/diseasesList.php?ID=4693&StockCode=4911
923,https://www.fishbase.de/Diseases/diseasesList.php?ID=10373&StockCode=10696
924,https://www.fishbase.de/Diseases/diseasesList.php?ID=12182&StockCode=12508
925,https://www.fishbase.de/Diseases/diseasesList.php?ID=10881&StockCode=11205
926,https://www.fishbase.de/Diseases/diseasesList.php?ID=52278&StockCode=43509
927,https://www.fishbase.de/Diseases/diseasesList.php?ID=6910&StockCode=7231
928,https://www.fishbase.de/Diseases/diseasesList.php?ID=6911&StockCode=7232
929,https://www.fishbase.de/Diseases/diseasesList.php?ID=2375&StockCode=2569
930,https://www.fishbase.de/Diseases/diseasesList.php?ID=2376&StockCode=2570
931,https://www.fishbase.de/Diseases/diseasesList.php?ID=2381&StockCode=2575
932,https://www.fishbase.de/Diseases/diseasesList.php?ID=8980&StockCode=9301
933,https://www.fishbase.de/Diseases/diseasesList.php?ID=8982&StockCode=9303
934,https://www.fishbase.de/Diseases/diseasesList.php?ID=1317&StockCode=1335
935,https://www.fishbase.de/Diseases/diseasesList.php?ID=977&StockCode=993
936,https://www.fishbase.de/Diseases/diseasesList.php?ID=14503&StockCode=14273
937,https://www.fishbase.de/Diseases/diseasesList.php?ID=6213&StockCode=6526
938,https://www.fishbase.de/Diseases/diseasesList.php?ID=4444&StockCode=4642
939,https://www.fishbase.de/Diseases/diseasesList.php?ID=4445&StockCode=4643
940,https://www.fishbase.de/Diseases/diseasesList.php?ID=2581&StockCode=2777
941,https://www.fishbase.de/Diseases/diseasesList.php?ID=1883&StockCode=2079
942,https://www.fishbase.de/Diseases/diseasesList.php?ID=6284&StockCode=6597
943,https://www.fishbase.de/Diseases/diseasesList.php?ID=6575&StockCode=6896
944,https://www.fishbase.de/Diseases/diseasesList.php?ID=26782&StockCode=20947
945,https://www.fishbase.de/Diseases/diseasesList.php?ID=26784&StockCode=20949
946,https://www.fishbase.de/Diseases/diseasesList.php?ID=26786&StockCode=20950
947,https://www.fishbase.de/Diseases/diseasesList.php?ID=12322&StockCode=12650
948,https://www.fishbase.de/Diseases/diseasesList.php?ID=26792&StockCode=20955
949,https://www.fishbase.de/Diseases/diseasesList.php?ID=57857&StockCode=47415
950,https://www.fishbase.de/Diseases/diseasesList.php?ID=10243&StockCode=10567
951,https://www.fishbase.de/Diseases/diseasesList.php?ID=10124&StockCode=10447
952,https://www.fishbase.de/Diseases/diseasesList.php?ID=9473&StockCode=9796
953,https://www.fishbase.de/Diseases/diseasesList.php?ID=9180&StockCode=9501
954,https://www.fishbase.de/Diseases/diseasesList.php?ID=3231&StockCode=3427
955,https://www.fishbase.de/Diseases/diseasesList.php?ID=3232&StockCode=3428
956,https://www.fishbase.de/Diseases/diseasesList.php?ID=3233&StockCode=3429
957,https://www.fishbase.de/Diseases/diseasesList.php?ID=12251&StockCode=12577
958,https://www.fishbase.de/Diseases/diseasesList.php?ID=10907&StockCode=11231
959,https://www.fishbase.de/Diseases/diseasesList.php?ID=11321&StockCode=11646
960,https://www.fishbase.de/Diseases/diseasesList.php?ID=5950&StockCode=6259
961,https://www.fishbase.de/Diseases/diseasesList.php?ID=6018&StockCode=6332
962,https://www.fishbase.de/Diseases/diseasesList.php?ID=480&StockCode=494
963,https://www.fishbase.de/Diseases/diseasesList.php?ID=479&StockCode=493
964,https://www.fishbase.de/Diseases/diseasesList.php?ID=47756&StockCode=40125
