,Oxygen_Consumption_Studies
0,https://www.fishbase.de/physiology/OxygenDataList.php?ID=268&GenusName=Abramis&SpeciesName=brama&fc=122&stockcode=282
1,https://www.fishbase.de/physiology/OxygenDataList.php?ID=6655&GenusName=Acanthochromis&SpeciesName=polyacanthus&fc=350&stockcode=6975
2,https://www.fishbase.de/physiology/OxygenDataList.php?ID=6531&GenusName=Acanthopagrus&SpeciesName=schlegelii&fc=330&stockcode=6852
3,https://www.fishbase.de/physiology/OxygenDataList.php?ID=2591&GenusName=Acipenser&SpeciesName=fulvescens&fc=32&stockcode=2787
4,https://www.fishbase.de/physiology/OxygenDataList.php?ID=4712&GenusName=Acipenser&SpeciesName=gueldenstaedtii&fc=32&stockcode=4933
5,https://www.fishbase.de/physiology/OxygenDataList.php?ID=2505&GenusName=Acipenser&SpeciesName=nudiventris&fc=32&stockcode=2699
6,https://www.fishbase.de/physiology/OxygenDataList.php?ID=4604&GenusName=Acipenser&SpeciesName=ruthenus&fc=32&stockcode=4791
7,https://www.fishbase.de/physiology/OxygenDataList.php?ID=2065&GenusName=Acipenser&SpeciesName=stellatus&fc=32&stockcode=2260
8,https://www.fishbase.de/physiology/OxygenDataList.php?ID=2594&GenusName=Acipenser&SpeciesName=transmontanus&fc=32&stockcode=2790
9,https://www.fishbase.de/physiology/OxygenDataList.php?ID=228&GenusName=Albula&SpeciesName=vulpes&fc=48&stockcode=242
10,https://www.fishbase.de/physiology/OxygenDataList.php?ID=4730&GenusName=Alburnus&SpeciesName=alburnus&fc=122&stockcode=4954
11,https://www.fishbase.de/physiology/OxygenDataList.php?ID=2033&GenusName=Alcolapia&SpeciesName=grahami&fc=349&stockcode=2230
12,https://www.fishbase.de/physiology/OxygenDataList.php?ID=5153&GenusName=Ambassis&SpeciesName=interrupta&fc=509&stockcode=5392
13,https://www.fishbase.de/physiology/OxygenDataList.php?ID=7198&GenusName=Amblygobius&SpeciesName=phalaena&fc=405&stockcode=7327
14,https://www.fishbase.de/physiology/OxygenDataList.php?ID=291&GenusName=Ameiurus&SpeciesName=melas&fc=129&stockcode=305
15,https://www.fishbase.de/physiology/OxygenDataList.php?ID=3021&GenusName=Ameiurus&SpeciesName=natalis&fc=129&stockcode=3217
16,https://www.fishbase.de/physiology/OxygenDataList.php?ID=3022&GenusName=Ameiurus&SpeciesName=nebulosus&fc=129&stockcode=3218
17,https://www.fishbase.de/physiology/OxygenDataList.php?ID=495&GenusName=Anabas&SpeciesName=testudineus&fc=426&stockcode=511
18,https://www.fishbase.de/physiology/OxygenDataList.php?ID=3811&GenusName=Anarhichas&SpeciesName=minor&fc=396&stockcode=4007
19,https://www.fishbase.de/physiology/OxygenDataList.php?ID=4727&GenusName=Andinoacara&SpeciesName=pulcher&fc=349&stockcode=4951
20,https://www.fishbase.de/physiology/OxygenDataList.php?ID=35&GenusName=Anguilla&SpeciesName=anguilla&fc=49&stockcode=45
21,https://www.fishbase.de/physiology/OxygenDataList.php?ID=297&GenusName=Anguilla&SpeciesName=australis&fc=49&stockcode=311
22,https://www.fishbase.de/physiology/OxygenDataList.php?ID=295&GenusName=Anguilla&SpeciesName=japonica&fc=49&stockcode=309
23,https://www.fishbase.de/physiology/OxygenDataList.php?ID=296&GenusName=Anguilla&SpeciesName=rostrata&fc=49&stockcode=310
24,https://www.fishbase.de/physiology/OxygenDataList.php?ID=2308&GenusName=Anoplogaster&SpeciesName=cornuta&fc=239&stockcode=2504
25,https://www.fishbase.de/physiology/OxygenDataList.php?ID=512&GenusName=Anoplopoma&SpeciesName=fimbria&fc=270&stockcode=528
26,https://www.fishbase.de/physiology/OxygenDataList.php?ID=4813&GenusName=Aphanius&SpeciesName=dispar&fc=212&stockcode=5042
27,https://www.fishbase.de/physiology/OxygenDataList.php?ID=2076&GenusName=Arapaima&SpeciesName=gigas&fc=628&stockcode=2272
28,https://www.fishbase.de/physiology/OxygenDataList.php?ID=11979&GenusName=Argyrosomus&SpeciesName=japonicus&fc=331&stockcode=12305
29,https://www.fishbase.de/physiology/OxygenDataList.php?ID=4814&GenusName=Aristostomias&SpeciesName=lunifer&fc=91&stockcode=5043
30,https://www.fishbase.de/physiology/OxygenDataList.php?ID=43&GenusName=Arnoglossus&SpeciesName=thori&fc=439&stockcode=53
31,https://www.fishbase.de/physiology/OxygenDataList.php?ID=4041&GenusName=Artediellus&SpeciesName=atlanticus&fc=277&stockcode=4237
32,https://www.fishbase.de/physiology/OxygenDataList.php?ID=4043&GenusName=Artediellus&SpeciesName=uncinatus&fc=277&stockcode=4239
33,https://www.fishbase.de/physiology/OxygenDataList.php?ID=6704&GenusName=Astatotilapia&SpeciesName=burtoni&fc=349&stockcode=7025
34,https://www.fishbase.de/physiology/OxygenDataList.php?ID=7200&GenusName=Asterropteryx&SpeciesName=semipunctata&fc=405&stockcode=7330
35,https://www.fishbase.de/physiology/OxygenDataList.php?ID=3612&GenusName=Astronotus&SpeciesName=ocellatus&fc=349&stockcode=3808
36,https://www.fishbase.de/physiology/OxygenDataList.php?ID=17462&GenusName=Atrosalarias&SpeciesName=fuscus&fc=392&stockcode=15642
37,https://www.fishbase.de/physiology/OxygenDataList.php?ID=5200&GenusName=Bajacalifornia&SpeciesName=burragei&fc=86&stockcode=5438
38,https://www.fishbase.de/physiology/OxygenDataList.php?ID=7327&GenusName=Balistes&SpeciesName=capriscus&fc=445&stockcode=7628
39,https://www.fishbase.de/physiology/OxygenDataList.php?ID=12543&GenusName=Bathylagoides&SpeciesName=wesethi&fc=84&stockcode=12875
40,https://www.fishbase.de/physiology/OxygenDataList.php?ID=6960&GenusName=Bathylagus&SpeciesName=antarcticus&fc=84&stockcode=7268
41,https://www.fishbase.de/physiology/OxygenDataList.php?ID=6974&GenusName=Benthalbella&SpeciesName=elongata&fc=174&stockcode=7313
42,https://www.fishbase.de/physiology/OxygenDataList.php?ID=319&GenusName=Boreogadus&SpeciesName=saida&fc=183&stockcode=333
43,https://www.fishbase.de/physiology/OxygenDataList.php?ID=5161&GenusName=Borostomias&SpeciesName=panamensis&fc=91&stockcode=5400
44,https://www.fishbase.de/physiology/OxygenDataList.php?ID=1592&GenusName=Brevoortia&SpeciesName=tyrannus&fc=43&stockcode=1785
45,https://www.fishbase.de/physiology/OxygenDataList.php?ID=53&GenusName=Buglossidium&SpeciesName=luteum&fc=441&stockcode=63
46,https://www.fishbase.de/physiology/OxygenDataList.php?ID=23&GenusName=Callionymus&SpeciesName=lyra&fc=435&stockcode=34
47,https://www.fishbase.de/physiology/OxygenDataList.php?ID=2743&GenusName=Campostoma&SpeciesName=anomalum&fc=122&stockcode=2939
48,https://www.fishbase.de/physiology/OxygenDataList.php?ID=1900&GenusName=Caranx&SpeciesName=caballus&fc=314&stockcode=2096
49,https://www.fishbase.de/physiology/OxygenDataList.php?ID=71&GenusName=Caranx&SpeciesName=hippos&fc=314&stockcode=267
50,https://www.fishbase.de/physiology/OxygenDataList.php?ID=1917&GenusName=Caranx&SpeciesName=sexfasciatus&fc=314&stockcode=2113
51,https://www.fishbase.de/physiology/OxygenDataList.php?ID=271&GenusName=Carassius&SpeciesName=auratus&fc=122&stockcode=285
52,https://www.fishbase.de/physiology/OxygenDataList.php?ID=270&GenusName=Carassius&SpeciesName=carassius&fc=122&stockcode=284
53,https://www.fishbase.de/physiology/OxygenDataList.php?ID=874&GenusName=Carcharhinus&SpeciesName=limbatus&fc=11&stockcode=890
54,https://www.fishbase.de/physiology/OxygenDataList.php?ID=2965&GenusName=Catostomus&SpeciesName=commersonii&fc=125&stockcode=3161
55,https://www.fishbase.de/physiology/OxygenDataList.php?ID=2980&GenusName=Catostomus&SpeciesName=tahoensis&fc=125&stockcode=3176
56,https://www.fishbase.de/physiology/OxygenDataList.php?ID=361&GenusName=Centropristis&SpeciesName=striata&fc=289&stockcode=375
57,https://www.fishbase.de/physiology/OxygenDataList.php?ID=473&GenusName=Chaenocephalus&SpeciesName=aceratus&fc=384&stockcode=487
58,https://www.fishbase.de/physiology/OxygenDataList.php?ID=5144&GenusName=Channa&SpeciesName=marulius&fc=431&stockcode=5382
59,https://www.fishbase.de/physiology/OxygenDataList.php?ID=5143&GenusName=Channa&SpeciesName=orientalis&fc=431&stockcode=5381
60,https://www.fishbase.de/physiology/OxygenDataList.php?ID=5147&GenusName=Channa&SpeciesName=punctata&fc=431&stockcode=5385
61,https://www.fishbase.de/physiology/OxygenDataList.php?ID=343&GenusName=Channa&SpeciesName=striata&fc=431&stockcode=357
62,https://www.fishbase.de/physiology/OxygenDataList.php?ID=477&GenusName=Channichthys&SpeciesName=rhinoceratus&fc=384&stockcode=491
63,https://www.fishbase.de/physiology/OxygenDataList.php?ID=80&GenusName=Chanos&SpeciesName=chanos&fc=98&stockcode=95
64,https://www.fishbase.de/physiology/OxygenDataList.php?ID=5482&GenusName=Cheilodipterus&SpeciesName=quinquelineatus&fc=304&stockcode=5757
65,https://www.fishbase.de/physiology/OxygenDataList.php?ID=1735&GenusName=Chelon&SpeciesName=auratus&fc=359&stockcode=1931
66,https://www.fishbase.de/physiology/OxygenDataList.php?ID=5115&GenusName=Chelon&SpeciesName=dumerili&fc=359&stockcode=5351
67,https://www.fishbase.de/physiology/OxygenDataList.php?ID=2499&GenusName=Chelon&SpeciesName=labrosus&fc=359&stockcode=2693
68,https://www.fishbase.de/physiology/OxygenDataList.php?ID=5146&GenusName=Chelon&SpeciesName=richardsonii&fc=359&stockcode=5384
69,https://www.fishbase.de/physiology/OxygenDataList.php?ID=10192&GenusName=Chiasmodon&SpeciesName=niger&fc=368&stockcode=10515
70,https://www.fishbase.de/physiology/OxygenDataList.php?ID=5120&GenusName=Chiloscyllium&SpeciesName=plagiosum&fc=492&stockcode=5356
71,https://www.fishbase.de/physiology/OxygenDataList.php?ID=22773&GenusName=Chlamydogobius&SpeciesName=eremius&fc=405&stockcode=18067
72,https://www.fishbase.de/physiology/OxygenDataList.php?ID=5450&GenusName=Chromis&SpeciesName=atripectoralis&fc=350&stockcode=5718
73,https://www.fishbase.de/physiology/OxygenDataList.php?ID=1706&GenusName=Chromis&SpeciesName=chromis&fc=350&stockcode=1902
74,https://www.fishbase.de/physiology/OxygenDataList.php?ID=5677&GenusName=Chromis&SpeciesName=ternatensis&fc=350&stockcode=5970
75,https://www.fishbase.de/physiology/OxygenDataList.php?ID=5679&GenusName=Chromis&SpeciesName=viridis&fc=350&stockcode=5972
76,https://www.fishbase.de/physiology/OxygenDataList.php?ID=11966&GenusName=Chrysiptera&SpeciesName=flavipinnis&fc=350&stockcode=12292
77,https://www.fishbase.de/physiology/OxygenDataList.php?ID=3613&GenusName=Cichlasoma&SpeciesName=bimaculatum&fc=349&stockcode=3809
78,https://www.fishbase.de/physiology/OxygenDataList.php?ID=4494&GenusName=Cirrhinus&SpeciesName=cirrhosus&fc=122&stockcode=4692
79,https://www.fishbase.de/physiology/OxygenDataList.php?ID=58167&GenusName=Cirrhitichthys&SpeciesName=bleekeri&fc=352&stockcode=47779
80,https://www.fishbase.de/physiology/OxygenDataList.php?ID=4217&GenusName=Citharichthys&SpeciesName=stigmaeus&fc=514&stockcode=4413
81,https://www.fishbase.de/physiology/OxygenDataList.php?ID=3054&GenusName=Clarias&SpeciesName=batrachus&fc=139&stockcode=3250
82,https://www.fishbase.de/physiology/OxygenDataList.php?ID=4057&GenusName=Clinocottus&SpeciesName=analis&fc=277&stockcode=4253
83,https://www.fishbase.de/physiology/OxygenDataList.php?ID=263&GenusName=Colossoma&SpeciesName=macropomum&fc=686&stockcode=277
84,https://www.fishbase.de/physiology/OxygenDataList.php?ID=301&GenusName=Conger&SpeciesName=conger&fc=62&stockcode=315
85,https://www.fishbase.de/physiology/OxygenDataList.php?ID=1397&GenusName=Coptodon&SpeciesName=rendalli&fc=349&stockcode=1415
86,https://www.fishbase.de/physiology/OxygenDataList.php?ID=1390&GenusName=Coptodon&SpeciesName=zillii&fc=349&stockcode=1408
87,https://www.fishbase.de/physiology/OxygenDataList.php?ID=2669&GenusName=Coregonus&SpeciesName=autumnalis&fc=76&stockcode=2865
88,https://www.fishbase.de/physiology/OxygenDataList.php?ID=5475&GenusName=Coregonus&SpeciesName=fera&fc=76&stockcode=5750
89,https://www.fishbase.de/physiology/OxygenDataList.php?ID=2678&GenusName=Coregonus&SpeciesName=sardinella&fc=76&stockcode=2874
90,https://www.fishbase.de/physiology/OxygenDataList.php?ID=7&GenusName=Coryphaena&SpeciesName=equiselis&fc=315&stockcode=9
91,https://www.fishbase.de/physiology/OxygenDataList.php?ID=6&GenusName=Coryphaena&SpeciesName=hippurus&fc=315&stockcode=1884
92,https://www.fishbase.de/physiology/OxygenDataList.php?ID=8467&GenusName=Coryphaenoides&SpeciesName=acrolepis&fc=185&stockcode=8781
93,https://www.fishbase.de/physiology/OxygenDataList.php?ID=5127&GenusName=Coryphaenoides&SpeciesName=armatus&fc=185&stockcode=5363
94,https://www.fishbase.de/physiology/OxygenDataList.php?ID=2439&GenusName=Cottus&SpeciesName=gobio&fc=277&stockcode=2633
95,https://www.fishbase.de/physiology/OxygenDataList.php?ID=79&GenusName=Ctenopharyngodon&SpeciesName=idella&fc=122&stockcode=88
96,https://www.fishbase.de/physiology/OxygenDataList.php?ID=8028&GenusName=Cubiceps&SpeciesName=whiteleggii&fc=422&stockcode=8339
97,https://www.fishbase.de/physiology/OxygenDataList.php?ID=5116&GenusName=Cyclothone&SpeciesName=acclinidens&fc=88&stockcode=5352
98,https://www.fishbase.de/physiology/OxygenDataList.php?ID=1775&GenusName=Cyclothone&SpeciesName=microdon&fc=88&stockcode=1971
99,https://www.fishbase.de/physiology/OxygenDataList.php?ID=2876&GenusName=Cyprinella&SpeciesName=lutrensis&fc=122&stockcode=3072
100,https://www.fishbase.de/physiology/OxygenDataList.php?ID=3181&GenusName=Cyprinodon&SpeciesName=variegatus&fc=212&stockcode=3377
101,https://www.fishbase.de/physiology/OxygenDataList.php?ID=1450&GenusName=Cyprinus&SpeciesName=carpio&fc=122&stockcode=1643
102,https://www.fishbase.de/physiology/OxygenDataList.php?ID=1021&GenusName=Dactylopterus&SpeciesName=volitans&fc=285&stockcode=1037
103,https://www.fishbase.de/physiology/OxygenDataList.php?ID=4653&GenusName=Danio&SpeciesName=rerio&fc=122&stockcode=4841
104,https://www.fishbase.de/physiology/OxygenDataList.php?ID=5110&GenusName=Dascyllus&SpeciesName=aruanus&fc=350&stockcode=5345
105,https://www.fishbase.de/physiology/OxygenDataList.php?ID=5113&GenusName=Dascyllus&SpeciesName=reticulatus&fc=350&stockcode=5348
106,https://www.fishbase.de/physiology/OxygenDataList.php?ID=2732&GenusName=Diaphus&SpeciesName=theta&fc=167&stockcode=2928
107,https://www.fishbase.de/physiology/OxygenDataList.php?ID=63&GenusName=Dicentrarchus&SpeciesName=labrax&fc=487&stockcode=73
108,https://www.fishbase.de/physiology/OxygenDataList.php?ID=2137&GenusName=Dimidiochromis&SpeciesName=compressiceps&fc=349&stockcode=2336
109,https://www.fishbase.de/physiology/OxygenDataList.php?ID=1753&GenusName=Diplodus&SpeciesName=sargus&fc=330&stockcode=1949
110,https://www.fishbase.de/physiology/OxygenDataList.php?ID=1604&GenusName=Dorosoma&SpeciesName=cepedianum&fc=43&stockcode=1797
111,https://www.fishbase.de/physiology/OxygenDataList.php?ID=2467&GenusName=Echeneis&SpeciesName=naucrates&fc=313&stockcode=2661
112,https://www.fishbase.de/physiology/OxygenDataList.php?ID=1364&GenusName=Echiichthys&SpeciesName=vipera&fc=377&stockcode=1382
113,https://www.fishbase.de/physiology/OxygenDataList.php?ID=6984&GenusName=Electrona&SpeciesName=antarctica&fc=167&stockcode=7398
114,https://www.fishbase.de/physiology/OxygenDataList.php?ID=315&GenusName=Eleginus&SpeciesName=gracilis&fc=183&stockcode=329
115,https://www.fishbase.de/physiology/OxygenDataList.php?ID=3629&GenusName=Embiotoca&SpeciesName=lateralis&fc=348&stockcode=3825
116,https://www.fishbase.de/physiology/OxygenDataList.php?ID=4832&GenusName=Encheliophis&SpeciesName=homei&fc=187&stockcode=5061
117,https://www.fishbase.de/physiology/OxygenDataList.php?ID=1663&GenusName=Engraulis&SpeciesName=japonicus&fc=454&stockcode=1856
118,https://www.fishbase.de/physiology/OxygenDataList.php?ID=4&GenusName=Engraulis&SpeciesName=ringens&fc=454&stockcode=4
119,https://www.fishbase.de/physiology/OxygenDataList.php?ID=5158&GenusName=Epinephelus&SpeciesName=akaara&fc=289&stockcode=5397
120,https://www.fishbase.de/physiology/OxygenDataList.php?ID=23878&GenusName=Eptatretus&SpeciesName=cirrhatus&fc=2&stockcode=18983
121,https://www.fishbase.de/physiology/OxygenDataList.php?ID=2511&GenusName=Eptatretus&SpeciesName=deani&fc=2&stockcode=2707
122,https://www.fishbase.de/physiology/OxygenDataList.php?ID=8713&GenusName=Eptatretus&SpeciesName=hexatrema&fc=2&stockcode=9034
123,https://www.fishbase.de/physiology/OxygenDataList.php?ID=2512&GenusName=Eptatretus&SpeciesName=stoutii&fc=2&stockcode=2708
124,https://www.fishbase.de/physiology/OxygenDataList.php?ID=8577&GenusName=Eretmodus&SpeciesName=cyanostictus&fc=349&stockcode=8892
125,https://www.fishbase.de/physiology/OxygenDataList.php?ID=2986&GenusName=Erimyzon&SpeciesName=oblongus&fc=125&stockcode=3182
126,https://www.fishbase.de/physiology/OxygenDataList.php?ID=4830&GenusName=Erpetoichthys&SpeciesName=calabaricus&fc=31&stockcode=5060
127,https://www.fishbase.de/physiology/OxygenDataList.php?ID=5150&GenusName=Esomus&SpeciesName=danrica&fc=122&stockcode=5389
128,https://www.fishbase.de/physiology/OxygenDataList.php?ID=258&GenusName=Esox&SpeciesName=lucius&fc=74&stockcode=272
129,https://www.fishbase.de/physiology/OxygenDataList.php?ID=2711&GenusName=Esox&SpeciesName=masquinongy&fc=74&stockcode=2907
130,https://www.fishbase.de/physiology/OxygenDataList.php?ID=3402&GenusName=Etheostoma&SpeciesName=blennioides&fc=306&stockcode=3598
131,https://www.fishbase.de/physiology/OxygenDataList.php?ID=3404&GenusName=Etheostoma&SpeciesName=boschungi&fc=306&stockcode=3600
132,https://www.fishbase.de/physiology/OxygenDataList.php?ID=3416&GenusName=Etheostoma&SpeciesName=duryi&fc=306&stockcode=3612
133,https://www.fishbase.de/physiology/OxygenDataList.php?ID=3421&GenusName=Etheostoma&SpeciesName=flabellare&fc=306&stockcode=3617
134,https://www.fishbase.de/physiology/OxygenDataList.php?ID=3424&GenusName=Etheostoma&SpeciesName=fusiforme&fc=306&stockcode=3620
135,https://www.fishbase.de/physiology/OxygenDataList.php?ID=3460&GenusName=Etheostoma&SpeciesName=rufilineatum&fc=306&stockcode=3656
136,https://www.fishbase.de/physiology/OxygenDataList.php?ID=3469&GenusName=Etheostoma&SpeciesName=squamiceps&fc=306&stockcode=3665
137,https://www.fishbase.de/physiology/OxygenDataList.php?ID=96&GenusName=Euthynnus&SpeciesName=affinis&fc=416&stockcode=110
138,https://www.fishbase.de/physiology/OxygenDataList.php?ID=5145&GenusName=Exodon&SpeciesName=paradoxus&fc=102&stockcode=5383
139,https://www.fishbase.de/physiology/OxygenDataList.php?ID=3191&GenusName=Fundulus&SpeciesName=grandis&fc=570&stockcode=3387
140,https://www.fishbase.de/physiology/OxygenDataList.php?ID=3192&GenusName=Fundulus&SpeciesName=heteroclitus&fc=570&stockcode=3388
141,https://www.fishbase.de/physiology/OxygenDataList.php?ID=3200&GenusName=Fundulus&SpeciesName=parvipinnis&fc=570&stockcode=3396
142,https://www.fishbase.de/physiology/OxygenDataList.php?ID=3205&GenusName=Fundulus&SpeciesName=similis&fc=570&stockcode=3401
143,https://www.fishbase.de/physiology/OxygenDataList.php?ID=318&GenusName=Gadus&SpeciesName=chalcogrammus&fc=183&stockcode=332
144,https://www.fishbase.de/physiology/OxygenDataList.php?ID=308&GenusName=Gadus&SpeciesName=macrocephalus&fc=183&stockcode=322
145,https://www.fishbase.de/physiology/OxygenDataList.php?ID=308&GenusName=Gadus&SpeciesName=macrocephalus&fc=183&stockcode=59735
146,https://www.fishbase.de/physiology/OxygenDataList.php?ID=69&GenusName=Gadus&SpeciesName=morhua&fc=183&stockcode=79
147,https://www.fishbase.de/physiology/OxygenDataList.php?ID=3215&GenusName=Gambusia&SpeciesName=affinis&fc=216&stockcode=3411
148,https://www.fishbase.de/physiology/OxygenDataList.php?ID=4521&GenusName=Gambusia&SpeciesName=holbrooki&fc=216&stockcode=5109
149,https://www.fishbase.de/physiology/OxygenDataList.php?ID=2420&GenusName=Gasterosteus&SpeciesName=aculeatus&fc=260&stockcode=2615
150,https://www.fishbase.de/physiology/OxygenDataList.php?ID=5321&GenusName=Genyagnus&SpeciesName=monopterygius&fc=378&stockcode=5561
151,https://www.fishbase.de/physiology/OxygenDataList.php?ID=1556&GenusName=Gilchristella&SpeciesName=aestuaria&fc=43&stockcode=1749
152,https://www.fishbase.de/physiology/OxygenDataList.php?ID=3854&GenusName=Gillichthys&SpeciesName=mirabilis&fc=405&stockcode=4050
153,https://www.fishbase.de/physiology/OxygenDataList.php?ID=2532&GenusName=Ginglymostoma&SpeciesName=cirratum&fc=493&stockcode=2728
154,https://www.fishbase.de/physiology/OxygenDataList.php?ID=3594&GenusName=Girella&SpeciesName=nigricans&fc=700&stockcode=3790
155,https://www.fishbase.de/physiology/OxygenDataList.php?ID=4833&GenusName=Glossogobius&SpeciesName=giuris&fc=405&stockcode=5063
156,https://www.fishbase.de/physiology/OxygenDataList.php?ID=2085&GenusName=Gnathonemus&SpeciesName=petersii&fc=40&stockcode=2280
157,https://www.fishbase.de/physiology/OxygenDataList.php?ID=4478&GenusName=Gobio&SpeciesName=gobio&fc=122&stockcode=4676
158,https://www.fishbase.de/physiology/OxygenDataList.php?ID=7216&GenusName=Gobiodon&SpeciesName=histrio&fc=405&stockcode=7355
159,https://www.fishbase.de/physiology/OxygenDataList.php?ID=59655&GenusName=Gobionotothen&SpeciesName=angustifrons&fc=382&stockcode=49386
160,https://www.fishbase.de/physiology/OxygenDataList.php?ID=7041&GenusName=Gobionotothen&SpeciesName=gibberifrons&fc=382&stockcode=7380
161,https://www.fishbase.de/physiology/OxygenDataList.php?ID=73&GenusName=Gobius&SpeciesName=paganellus&fc=405&stockcode=82
162,https://www.fishbase.de/physiology/OxygenDataList.php?ID=3131&GenusName=Gymnelus&SpeciesName=viridis&fc=188&stockcode=3327
163,https://www.fishbase.de/physiology/OxygenDataList.php?ID=4092&GenusName=Gymnocanthus&SpeciesName=tricuspis&fc=277&stockcode=4288
164,https://www.fishbase.de/physiology/OxygenDataList.php?ID=4474&GenusName=Gymnocephalus&SpeciesName=cernua&fc=306&stockcode=4672
165,https://www.fishbase.de/physiology/OxygenDataList.php?ID=7101&GenusName=Gymnodraco&SpeciesName=acuticeps&fc=383&stockcode=7483
166,https://www.fishbase.de/physiology/OxygenDataList.php?ID=6989&GenusName=Gymnoscopelus&SpeciesName=braueri&fc=167&stockcode=7491
167,https://www.fishbase.de/physiology/OxygenDataList.php?ID=6991&GenusName=Gymnoscopelus&SpeciesName=opisthopterus&fc=167&stockcode=7501
168,https://www.fishbase.de/physiology/OxygenDataList.php?ID=4858&GenusName=Halichoeres&SpeciesName=melanurus&fc=362&stockcode=5088
169,https://www.fishbase.de/physiology/OxygenDataList.php?ID=5356&GenusName=Haplochromis&SpeciesName=elegans&fc=349&stockcode=5594
170,https://www.fishbase.de/physiology/OxygenDataList.php?ID=7090&GenusName=Harpagifer&SpeciesName=georgianus&fc=480&stockcode=7471
171,https://www.fishbase.de/physiology/OxygenDataList.php?ID=2389&GenusName=Hemichromis&SpeciesName=bimaculatus&fc=349&stockcode=2583
172,https://www.fishbase.de/physiology/OxygenDataList.php?ID=4885&GenusName=Heteropneustes&SpeciesName=fossilis&fc=140&stockcode=5116
173,https://www.fishbase.de/physiology/OxygenDataList.php?ID=1801&GenusName=Hippocampus&SpeciesName=hippocampus&fc=258&stockcode=1997
174,https://www.fishbase.de/physiology/OxygenDataList.php?ID=4239&GenusName=Hippoglossoides&SpeciesName=platessoides&fc=440&stockcode=4435
175,https://www.fishbase.de/physiology/OxygenDataList.php?ID=5305&GenusName=Hoplerythrinus&SpeciesName=unitaeniatus&fc=103&stockcode=5544
176,https://www.fishbase.de/physiology/OxygenDataList.php?ID=4757&GenusName=Hoplias&SpeciesName=malabaricus&fc=103&stockcode=4981
177,https://www.fishbase.de/physiology/OxygenDataList.php?ID=2067&GenusName=Huso&SpeciesName=huso&fc=32&stockcode=2262
178,https://www.fishbase.de/physiology/OxygenDataList.php?ID=2775&GenusName=Hybognathus&SpeciesName=nuchalis&fc=122&stockcode=2971
179,https://www.fishbase.de/physiology/OxygenDataList.php?ID=2574&GenusName=Hypanus&SpeciesName=sabinus&fc=20&stockcode=2770
180,https://www.fishbase.de/physiology/OxygenDataList.php?ID=4107&GenusName=Icelus&SpeciesName=bicornis&fc=277&stockcode=4303
181,https://www.fishbase.de/physiology/OxygenDataList.php?ID=4108&GenusName=Icelus&SpeciesName=spatula&fc=277&stockcode=4304
182,https://www.fishbase.de/physiology/OxygenDataList.php?ID=2516&GenusName=Ichthyomyzon&SpeciesName=fossor&fc=1&stockcode=2712
183,https://www.fishbase.de/physiology/OxygenDataList.php?ID=290&GenusName=Ictalurus&SpeciesName=punctatus&fc=129&stockcode=304
184,https://www.fishbase.de/physiology/OxygenDataList.php?ID=8608&GenusName=Julidochromis&SpeciesName=marlieri&fc=349&stockcode=8923
185,https://www.fishbase.de/physiology/OxygenDataList.php?ID=107&GenusName=Katsuwonus&SpeciesName=pelamis&fc=416&stockcode=121
186,https://www.fishbase.de/physiology/OxygenDataList.php?ID=5157&GenusName=Kuhlia&SpeciesName=sandvicensis&fc=301&stockcode=5396
187,https://www.fishbase.de/physiology/OxygenDataList.php?ID=60748&GenusName=Kuhlia&SpeciesName=xenura&fc=301&stockcode=50518
188,https://www.fishbase.de/physiology/OxygenDataList.php?ID=5151&GenusName=Labeo&SpeciesName=calbasu&fc=122&stockcode=5390
189,https://www.fishbase.de/physiology/OxygenDataList.php?ID=5129&GenusName=Labeo&SpeciesName=capensis&fc=122&stockcode=5365
190,https://www.fishbase.de/physiology/OxygenDataList.php?ID=82&GenusName=Labeo&SpeciesName=rohita&fc=122&stockcode=97
191,https://www.fishbase.de/physiology/OxygenDataList.php?ID=4818&GenusName=Labeobarbus&SpeciesName=aeneus&fc=122&stockcode=5047
192,https://www.fishbase.de/physiology/OxygenDataList.php?ID=5459&GenusName=Labroides&SpeciesName=dimidiatus&fc=362&stockcode=5729
193,https://www.fishbase.de/physiology/OxygenDataList.php?ID=572&GenusName=Labrus&SpeciesName=bergylta&fc=362&stockcode=588
194,https://www.fishbase.de/physiology/OxygenDataList.php?ID=3576&GenusName=Lagodon&SpeciesName=rhomboides&fc=330&stockcode=3772
195,https://www.fishbase.de/physiology/OxygenDataList.php?ID=4480&GenusName=Lampetra&SpeciesName=fluviatilis&fc=1&stockcode=4678
196,https://www.fishbase.de/physiology/OxygenDataList.php?ID=4481&GenusName=Lampetra&SpeciesName=planeri&fc=1&stockcode=4679
197,https://www.fishbase.de/physiology/OxygenDataList.php?ID=346&GenusName=Lates&SpeciesName=calcarifer&fc=631&stockcode=360
198,https://www.fishbase.de/physiology/OxygenDataList.php?ID=429&GenusName=Leiostomus&SpeciesName=xanthurus&fc=331&stockcode=443
199,https://www.fishbase.de/physiology/OxygenDataList.php?ID=5336&GenusName=Lepidocephalichthys&SpeciesName=guntea&fc=127&stockcode=5575
200,https://www.fishbase.de/physiology/OxygenDataList.php?ID=4537&GenusName=Lepidogalaxias&SpeciesName=salamandroides&fc=466&stockcode=4722
201,https://www.fishbase.de/physiology/OxygenDataList.php?ID=3371&GenusName=Lepomis&SpeciesName=cyanellus&fc=302&stockcode=3567
202,https://www.fishbase.de/physiology/OxygenDataList.php?ID=3372&GenusName=Lepomis&SpeciesName=gibbosus&fc=302&stockcode=3568
203,https://www.fishbase.de/physiology/OxygenDataList.php?ID=3375&GenusName=Lepomis&SpeciesName=macrochirus&fc=302&stockcode=3571
204,https://www.fishbase.de/physiology/OxygenDataList.php?ID=5352&GenusName=Leporinus&SpeciesName=fasciatus&fc=559&stockcode=5591
205,https://www.fishbase.de/physiology/OxygenDataList.php?ID=4782&GenusName=Leucaspius&SpeciesName=delineatus&fc=122&stockcode=5006
206,https://www.fishbase.de/physiology/OxygenDataList.php?ID=2801&GenusName=Leuciscus&SpeciesName=idus&fc=122&stockcode=2997
207,https://www.fishbase.de/physiology/OxygenDataList.php?ID=4662&GenusName=Leuciscus&SpeciesName=leuciscus&fc=122&stockcode=4879
208,https://www.fishbase.de/physiology/OxygenDataList.php?ID=2703&GenusName=Leuroglossus&SpeciesName=stilbius&fc=84&stockcode=2899
209,https://www.fishbase.de/physiology/OxygenDataList.php?ID=695&GenusName=Limanda&SpeciesName=limanda&fc=440&stockcode=711
210,https://www.fishbase.de/physiology/OxygenDataList.php?ID=7047&GenusName=Lindbergichthys&SpeciesName=nudifrons&fc=382&stockcode=7387
211,https://www.fishbase.de/physiology/OxygenDataList.php?ID=4186&GenusName=Liparis&SpeciesName=atlanticus&fc=615&stockcode=4382
212,https://www.fishbase.de/physiology/OxygenDataList.php?ID=15490&GenusName=Liparis&SpeciesName=fabricii&fc=615&stockcode=14737
213,https://www.fishbase.de/physiology/OxygenDataList.php?ID=12542&GenusName=Lipolagus&SpeciesName=ochotensis&fc=84&stockcode=12874
214,https://www.fishbase.de/physiology/OxygenDataList.php?ID=9200&GenusName=Lipophrys&SpeciesName=pholis&fc=392&stockcode=9521
215,https://www.fishbase.de/physiology/OxygenDataList.php?ID=310&GenusName=Lota&SpeciesName=lota&fc=505&stockcode=324
216,https://www.fishbase.de/physiology/OxygenDataList.php?ID=1380&GenusName=Lumpenus&SpeciesName=lampretaeformis&fc=393&stockcode=1399
217,https://www.fishbase.de/physiology/OxygenDataList.php?ID=1423&GenusName=Lutjanus&SpeciesName=campechanus&fc=323&stockcode=1476
218,https://www.fishbase.de/physiology/OxygenDataList.php?ID=25228&GenusName=Lycodes&SpeciesName=eudipleurostictus&fc=188&stockcode=19969
219,https://www.fishbase.de/physiology/OxygenDataList.php?ID=27463&GenusName=Lycodes&SpeciesName=mucosus&fc=188&stockcode=21491
220,https://www.fishbase.de/physiology/OxygenDataList.php?ID=3141&GenusName=Lycodes&SpeciesName=pallidus&fc=188&stockcode=3337
221,https://www.fishbase.de/physiology/OxygenDataList.php?ID=3143&GenusName=Lycodes&SpeciesName=reticulatus&fc=188&stockcode=3339
222,https://www.fishbase.de/physiology/OxygenDataList.php?ID=25231&GenusName=Lycodes&SpeciesName=seminudus&fc=188&stockcode=19972
223,https://www.fishbase.de/physiology/OxygenDataList.php?ID=3146&GenusName=Lycodes&SpeciesName=turneri&fc=188&stockcode=3342
224,https://www.fishbase.de/physiology/OxygenDataList.php?ID=5135&GenusName=Lycodichthys&SpeciesName=dearborni&fc=188&stockcode=5371
225,https://www.fishbase.de/physiology/OxygenDataList.php?ID=10311&GenusName=Maccullochella&SpeciesName=peelii&fc=288&stockcode=10634
226,https://www.fishbase.de/physiology/OxygenDataList.php?ID=5152&GenusName=Macrognathus&SpeciesName=aculeatus&fc=432&stockcode=5391
227,https://www.fishbase.de/physiology/OxygenDataList.php?ID=12544&GenusName=Melamphaes&SpeciesName=acanthomus&fc=233&stockcode=12876
228,https://www.fishbase.de/physiology/OxygenDataList.php?ID=2292&GenusName=Melanocetus&SpeciesName=johnsonii&fc=196&stockcode=6142
229,https://www.fishbase.de/physiology/OxygenDataList.php?ID=2343&GenusName=Melanochromis&SpeciesName=auratus&fc=349&stockcode=2537
230,https://www.fishbase.de/physiology/OxygenDataList.php?ID=1381&GenusName=Melanogrammus&SpeciesName=aeglefinus&fc=183&stockcode=1400
231,https://www.fishbase.de/physiology/OxygenDataList.php?ID=5118&GenusName=Melanonus&SpeciesName=zugmayeri&fc=181&stockcode=5354
232,https://www.fishbase.de/physiology/OxygenDataList.php?ID=7029&GenusName=Melanostigma&SpeciesName=gelatinosum&fc=188&stockcode=7529
233,https://www.fishbase.de/physiology/OxygenDataList.php?ID=5156&GenusName=Melanostigma&SpeciesName=pammelas&fc=188&stockcode=5395
234,https://www.fishbase.de/physiology/OxygenDataList.php?ID=408&GenusName=Micropogonias&SpeciesName=undulatus&fc=331&stockcode=422
235,https://www.fishbase.de/physiology/OxygenDataList.php?ID=3382&GenusName=Micropterus&SpeciesName=dolomieu&fc=302&stockcode=3578
236,https://www.fishbase.de/physiology/OxygenDataList.php?ID=3385&GenusName=Micropterus&SpeciesName=salmoides&fc=302&stockcode=3581
237,https://www.fishbase.de/physiology/OxygenDataList.php?ID=1382&GenusName=Microstomus&SpeciesName=kitt&fc=440&stockcode=1401
238,https://www.fishbase.de/physiology/OxygenDataList.php?ID=4790&GenusName=Misgurnus&SpeciesName=fossilis&fc=127&stockcode=5018
239,https://www.fishbase.de/physiology/OxygenDataList.php?ID=5337&GenusName=Monopterus&SpeciesName=cuchia&fc=262&stockcode=5576
240,https://www.fishbase.de/physiology/OxygenDataList.php?ID=355&GenusName=Morone&SpeciesName=americana&fc=487&stockcode=369
241,https://www.fishbase.de/physiology/OxygenDataList.php?ID=353&GenusName=Morone&SpeciesName=saxatilis&fc=487&stockcode=367
242,https://www.fishbase.de/physiology/OxygenDataList.php?ID=785&GenusName=Mugil&SpeciesName=cephalus&fc=359&stockcode=801
243,https://www.fishbase.de/physiology/OxygenDataList.php?ID=1086&GenusName=Mugil&SpeciesName=curema&fc=359&stockcode=1102
244,https://www.fishbase.de/physiology/OxygenDataList.php?ID=4120&GenusName=Myoxocephalus&SpeciesName=octodecemspinosus&fc=277&stockcode=4316
245,https://www.fishbase.de/physiology/OxygenDataList.php?ID=1329&GenusName=Myoxocephalus&SpeciesName=scorpius&fc=277&stockcode=1347
246,https://www.fishbase.de/physiology/OxygenDataList.php?ID=5148&GenusName=Mystus&SpeciesName=armatus&fc=130&stockcode=5386
247,https://www.fishbase.de/physiology/OxygenDataList.php?ID=5140&GenusName=Mystus&SpeciesName=cavasius&fc=130&stockcode=5377
248,https://www.fishbase.de/physiology/OxygenDataList.php?ID=5139&GenusName=Mystus&SpeciesName=gulio&fc=130&stockcode=5376
249,https://www.fishbase.de/physiology/OxygenDataList.php?ID=5137&GenusName=Mystus&SpeciesName=vittatus&fc=130&stockcode=5375
250,https://www.fishbase.de/physiology/OxygenDataList.php?ID=2513&GenusName=Myxine&SpeciesName=glutinosa&fc=2&stockcode=2709
251,https://www.fishbase.de/physiology/OxygenDataList.php?ID=2734&GenusName=Nannobrachium&SpeciesName=regale&fc=167&stockcode=2930
252,https://www.fishbase.de/physiology/OxygenDataList.php?ID=5371&GenusName=Nannobrachium&SpeciesName=ritteri&fc=167&stockcode=5627
253,https://www.fishbase.de/physiology/OxygenDataList.php?ID=998&GenusName=Naucrates&SpeciesName=ductor&fc=314&stockcode=1014
254,https://www.fishbase.de/physiology/OxygenDataList.php?ID=897&GenusName=Negaprion&SpeciesName=brevirostris&fc=11&stockcode=913
255,https://www.fishbase.de/physiology/OxygenDataList.php?ID=5378&GenusName=Neochanna&SpeciesName=burrowsius&fc=79&stockcode=5637
256,https://www.fishbase.de/physiology/OxygenDataList.php?ID=5707&GenusName=Neoglyphidodon&SpeciesName=melas&fc=350&stockcode=6000
257,https://www.fishbase.de/physiology/OxygenDataList.php?ID=5708&GenusName=Neoglyphidodon&SpeciesName=nigroris&fc=350&stockcode=6001
258,https://www.fishbase.de/physiology/OxygenDataList.php?ID=12019&GenusName=Neogobius&SpeciesName=melanostomus&fc=405&stockcode=12345
259,https://www.fishbase.de/physiology/OxygenDataList.php?ID=8652&GenusName=Neolamprologus&SpeciesName=brichardi&fc=349&stockcode=8967
260,https://www.fishbase.de/physiology/OxygenDataList.php?ID=10227&GenusName=Neopomacentrus&SpeciesName=azysron&fc=350&stockcode=10550
261,https://www.fishbase.de/physiology/OxygenDataList.php?ID=12458&GenusName=Neopomacentrus&SpeciesName=bankieri&fc=350&stockcode=12786
262,https://www.fishbase.de/physiology/OxygenDataList.php?ID=8209&GenusName=Neopomacentrus&SpeciesName=cyanomos&fc=350&stockcode=8522
263,https://www.fishbase.de/physiology/OxygenDataList.php?ID=2279&GenusName=Nimbochromis&SpeciesName=venustus&fc=349&stockcode=2477
264,https://www.fishbase.de/physiology/OxygenDataList.php?ID=276&GenusName=Notemigonus&SpeciesName=crysoleucas&fc=122&stockcode=290
265,https://www.fishbase.de/physiology/OxygenDataList.php?ID=4702&GenusName=Notothenia&SpeciesName=coriiceps&fc=382&stockcode=4923
266,https://www.fishbase.de/physiology/OxygenDataList.php?ID=4701&GenusName=Notothenia&SpeciesName=cyanobrancha&fc=382&stockcode=4922
267,https://www.fishbase.de/physiology/OxygenDataList.php?ID=58010&GenusName=Notothenia&SpeciesName=neglecta&fc=382&stockcode=47581
268,https://www.fishbase.de/physiology/OxygenDataList.php?ID=468&GenusName=Notothenia&SpeciesName=rossii&fc=382&stockcode=482
269,https://www.fishbase.de/physiology/OxygenDataList.php?ID=1311&GenusName=Odonus&SpeciesName=niger&fc=445&stockcode=1329
270,https://www.fishbase.de/physiology/OxygenDataList.php?ID=5125&GenusName=Oligolepis&SpeciesName=acutipennis&fc=405&stockcode=5361
271,https://www.fishbase.de/physiology/OxygenDataList.php?ID=240&GenusName=Oncorhynchus&SpeciesName=gorbuscha&fc=76&stockcode=254
272,https://www.fishbase.de/physiology/OxygenDataList.php?ID=245&GenusName=Oncorhynchus&SpeciesName=kisutch&fc=76&stockcode=259
273,https://www.fishbase.de/physiology/OxygenDataList.php?ID=239&GenusName=Oncorhynchus&SpeciesName=mykiss&fc=76&stockcode=253
274,https://www.fishbase.de/physiology/OxygenDataList.php?ID=243&GenusName=Oncorhynchus&SpeciesName=nerka&fc=76&stockcode=257
275,https://www.fishbase.de/physiology/OxygenDataList.php?ID=244&GenusName=Oncorhynchus&SpeciesName=tshawytscha&fc=76&stockcode=258
276,https://www.fishbase.de/physiology/OxygenDataList.php?ID=12545&GenusName=Oneirodes&SpeciesName=acanthias&fc=199&stockcode=12877
277,https://www.fishbase.de/physiology/OxygenDataList.php?ID=509&GenusName=Ophiodon&SpeciesName=elongatus&fc=271&stockcode=525
278,https://www.fishbase.de/physiology/OxygenDataList.php?ID=3069&GenusName=Opsanus&SpeciesName=tau&fc=189&stockcode=3265
279,https://www.fishbase.de/physiology/OxygenDataList.php?ID=1387&GenusName=Oreochromis&SpeciesName=aureus&fc=349&stockcode=1423
280,https://www.fishbase.de/physiology/OxygenDataList.php?ID=3&GenusName=Oreochromis&SpeciesName=mossambicus&fc=349&stockcode=3
281,https://www.fishbase.de/physiology/OxygenDataList.php?ID=2&GenusName=Oreochromis&SpeciesName=niloticus&fc=349&stockcode=1
282,https://www.fishbase.de/physiology/OxygenDataList.php?ID=2920&GenusName=Orthodon&SpeciesName=microlepidotus&fc=122&stockcode=3116
283,https://www.fishbase.de/physiology/OxygenDataList.php?ID=4669&GenusName=Oryzias&SpeciesName=latipes&fc=210&stockcode=4886
284,https://www.fishbase.de/physiology/OxygenDataList.php?ID=498&GenusName=Osphronemus&SpeciesName=goramy&fc=429&stockcode=514
285,https://www.fishbase.de/physiology/OxygenDataList.php?ID=5769&GenusName=Ostorhinchus&SpeciesName=compressus&fc=304&stockcode=6062
286,https://www.fishbase.de/physiology/OxygenDataList.php?ID=4600&GenusName=Ostorhinchus&SpeciesName=cyanosoma&fc=304&stockcode=4787
287,https://www.fishbase.de/physiology/OxygenDataList.php?ID=8587&GenusName=Ostorhinchus&SpeciesName=doederleini&fc=304&stockcode=8902
288,https://www.fishbase.de/physiology/OxygenDataList.php?ID=7114&GenusName=Pagetopsis&SpeciesName=macropterus&fc=384&stockcode=7552
289,https://www.fishbase.de/physiology/OxygenDataList.php?ID=7049&GenusName=Pagothenia&SpeciesName=borchgrevinki&fc=382&stockcode=7392
290,https://www.fishbase.de/physiology/OxygenDataList.php?ID=7977&GenusName=Paramonacanthus&SpeciesName=japonicus&fc=517&stockcode=8288
291,https://www.fishbase.de/physiology/OxygenDataList.php?ID=7051&GenusName=Paranotothenia&SpeciesName=magellanica&fc=382&stockcode=7396
292,https://www.fishbase.de/physiology/OxygenDataList.php?ID=27438&GenusName=Parascorpaena&SpeciesName=aurita&fc=264&stockcode=21465
293,https://www.fishbase.de/physiology/OxygenDataList.php?ID=4248&GenusName=Parophrys&SpeciesName=vetulus&fc=440&stockcode=4444
294,https://www.fishbase.de/physiology/OxygenDataList.php?ID=5311&GenusName=Parvilux&SpeciesName=ingens&fc=167&stockcode=5550
295,https://www.fishbase.de/physiology/OxygenDataList.php?ID=359&GenusName=Perca&SpeciesName=flavescens&fc=306&stockcode=373
296,https://www.fishbase.de/physiology/OxygenDataList.php?ID=358&GenusName=Perca&SpeciesName=fluviatilis&fc=306&stockcode=372
297,https://www.fishbase.de/physiology/OxygenDataList.php?ID=3489&GenusName=Percina&SpeciesName=caprodes&fc=306&stockcode=3685
298,https://www.fishbase.de/physiology/OxygenDataList.php?ID=4815&GenusName=Pethia&SpeciesName=ticto&fc=122&stockcode=5044
299,https://www.fishbase.de/physiology/OxygenDataList.php?ID=2530&GenusName=Petromyzon&SpeciesName=marinus&fc=1&stockcode=2726
300,https://www.fishbase.de/physiology/OxygenDataList.php?ID=4785&GenusName=Pimephales&SpeciesName=promelas&fc=122&stockcode=5009
301,https://www.fishbase.de/physiology/OxygenDataList.php?ID=2934&GenusName=Pimephales&SpeciesName=vigilax&fc=122&stockcode=3130
302,https://www.fishbase.de/physiology/OxygenDataList.php?ID=4816&GenusName=Planiliza&SpeciesName=macrolepis&fc=359&stockcode=5045
303,https://www.fishbase.de/physiology/OxygenDataList.php?ID=1341&GenusName=Platichthys&SpeciesName=flesus&fc=440&stockcode=1359
304,https://www.fishbase.de/physiology/OxygenDataList.php?ID=4249&GenusName=Platichthys&SpeciesName=stellatus&fc=440&stockcode=4445
305,https://www.fishbase.de/physiology/OxygenDataList.php?ID=251&GenusName=Plecoglossus&SpeciesName=altivelis&fc=81&stockcode=265
306,https://www.fishbase.de/physiology/OxygenDataList.php?ID=1342&GenusName=Pleuronectes&SpeciesName=platessa&fc=440&stockcode=1360
307,https://www.fishbase.de/physiology/OxygenDataList.php?ID=3226&GenusName=Poecilia&SpeciesName=latipinna&fc=216&stockcode=3422
308,https://www.fishbase.de/physiology/OxygenDataList.php?ID=3228&GenusName=Poecilia&SpeciesName=reticulata&fc=216&stockcode=3424
309,https://www.fishbase.de/physiology/OxygenDataList.php?ID=7085&GenusName=Pogonophryne&SpeciesName=scotti&fc=591&stockcode=7464
310,https://www.fishbase.de/physiology/OxygenDataList.php?ID=34&GenusName=Pollachius&SpeciesName=pollachius&fc=183&stockcode=44
311,https://www.fishbase.de/physiology/OxygenDataList.php?ID=5715&GenusName=Pomacentrus&SpeciesName=amboinensis&fc=350&stockcode=6008
312,https://www.fishbase.de/physiology/OxygenDataList.php?ID=5717&GenusName=Pomacentrus&SpeciesName=bankanensis&fc=350&stockcode=6010
313,https://www.fishbase.de/physiology/OxygenDataList.php?ID=5720&GenusName=Pomacentrus&SpeciesName=coelestis&fc=350&stockcode=6013
314,https://www.fishbase.de/physiology/OxygenDataList.php?ID=6620&GenusName=Pomacentrus&SpeciesName=lepidogenys&fc=350&stockcode=6939
315,https://www.fishbase.de/physiology/OxygenDataList.php?ID=5724&GenusName=Pomacentrus&SpeciesName=moluccensis&fc=350&stockcode=6017
316,https://www.fishbase.de/physiology/OxygenDataList.php?ID=5727&GenusName=Pomacentrus&SpeciesName=philippinus&fc=350&stockcode=6020
317,https://www.fishbase.de/physiology/OxygenDataList.php?ID=5126&GenusName=Pomadasys&SpeciesName=commersonnii&fc=327&stockcode=5362
318,https://www.fishbase.de/physiology/OxygenDataList.php?ID=364&GenusName=Pomatomus&SpeciesName=saltatrix&fc=311&stockcode=378
319,https://www.fishbase.de/physiology/OxygenDataList.php?ID=3387&GenusName=Pomoxis&SpeciesName=annularis&fc=302&stockcode=3583
320,https://www.fishbase.de/physiology/OxygenDataList.php?ID=5117&GenusName=Poromitra&SpeciesName=crassiceps&fc=233&stockcode=5353
321,https://www.fishbase.de/physiology/OxygenDataList.php?ID=5756&GenusName=Pristiapogon&SpeciesName=exostigma&fc=304&stockcode=6049
322,https://www.fishbase.de/physiology/OxygenDataList.php?ID=2384&GenusName=Protopterus&SpeciesName=annectens&fc=552&stockcode=2578
323,https://www.fishbase.de/physiology/OxygenDataList.php?ID=12541&GenusName=Pseudobathylagus&SpeciesName=milleri&fc=84&stockcode=12873
324,https://www.fishbase.de/physiology/OxygenDataList.php?ID=475&GenusName=Pseudochaenichthys&SpeciesName=georgianus&fc=384&stockcode=489
325,https://www.fishbase.de/physiology/OxygenDataList.php?ID=6894&GenusName=Pseudocrenilabrus&SpeciesName=multicolor&fc=349&stockcode=7215
326,https://www.fishbase.de/physiology/OxygenDataList.php?ID=524&GenusName=Pseudopleuronectes&SpeciesName=americanus&fc=440&stockcode=540
327,https://www.fishbase.de/physiology/OxygenDataList.php?ID=4717&GenusName=Pterophyllum&SpeciesName=scalare&fc=349&stockcode=4938
328,https://www.fishbase.de/physiology/OxygenDataList.php?ID=4501&GenusName=Pygocentrus&SpeciesName=nattereri&fc=686&stockcode=4699
329,https://www.fishbase.de/physiology/OxygenDataList.php?ID=3640&GenusName=Rhacochilus&SpeciesName=vacca&fc=348&stockcode=3836
330,https://www.fishbase.de/physiology/OxygenDataList.php?ID=5839&GenusName=Rhinecanthus&SpeciesName=aculeatus&fc=445&stockcode=6136
331,https://www.fishbase.de/physiology/OxygenDataList.php?ID=5840&GenusName=Rhinecanthus&SpeciesName=rectangulus&fc=445&stockcode=6137
332,https://www.fishbase.de/physiology/OxygenDataList.php?ID=3847&GenusName=Rhinogobiops&SpeciesName=nicholsii&fc=405&stockcode=4043
333,https://www.fishbase.de/physiology/OxygenDataList.php?ID=5338&GenusName=Rhinomugil&SpeciesName=corsula&fc=359&stockcode=5577
334,https://www.fishbase.de/physiology/OxygenDataList.php?ID=4483&GenusName=Rhodeus&SpeciesName=amarus&fc=122&stockcode=4681
335,https://www.fishbase.de/physiology/OxygenDataList.php?ID=2948&GenusName=Rhodeus&SpeciesName=sericeus&fc=122&stockcode=3144
336,https://www.fishbase.de/physiology/OxygenDataList.php?ID=213&GenusName=Rhomboplites&SpeciesName=aurorubens&fc=323&stockcode=227
337,https://www.fishbase.de/physiology/OxygenDataList.php?ID=272&GenusName=Rutilus&SpeciesName=rutilus&fc=122&stockcode=286
338,https://www.fishbase.de/physiology/OxygenDataList.php?ID=5198&GenusName=Sagamichthys&SpeciesName=abei&fc=87&stockcode=5436
339,https://www.fishbase.de/physiology/OxygenDataList.php?ID=236&GenusName=Salmo&SpeciesName=salar&fc=76&stockcode=250
340,https://www.fishbase.de/physiology/OxygenDataList.php?ID=238&GenusName=Salmo&SpeciesName=trutta&fc=76&stockcode=252
341,https://www.fishbase.de/physiology/OxygenDataList.php?ID=238&GenusName=Salmo&SpeciesName=trutta&fc=76&stockcode=2278
342,https://www.fishbase.de/physiology/OxygenDataList.php?ID=247&GenusName=Salvelinus&SpeciesName=alpinus&fc=76&stockcode=261
343,https://www.fishbase.de/physiology/OxygenDataList.php?ID=246&GenusName=Salvelinus&SpeciesName=fontinalis&fc=76&stockcode=260
344,https://www.fishbase.de/physiology/OxygenDataList.php?ID=248&GenusName=Salvelinus&SpeciesName=namaycush&fc=76&stockcode=262
345,https://www.fishbase.de/physiology/OxygenDataList.php?ID=360&GenusName=Sander&SpeciesName=lucioperca&fc=306&stockcode=374
346,https://www.fishbase.de/physiology/OxygenDataList.php?ID=3516&GenusName=Sander&SpeciesName=vitreus&fc=306&stockcode=4888
347,https://www.fishbase.de/physiology/OxygenDataList.php?ID=4796&GenusName=Sarda&SpeciesName=lineolata&fc=416&stockcode=5024
348,https://www.fishbase.de/physiology/OxygenDataList.php?ID=1389&GenusName=Sarotherodon&SpeciesName=galilaeus&fc=349&stockcode=4635
349,https://www.fishbase.de/physiology/OxygenDataList.php?ID=2951&GenusName=Scardinius&SpeciesName=erythrophthalmus&fc=122&stockcode=3147
350,https://www.fishbase.de/physiology/OxygenDataList.php?ID=5885&GenusName=Scolopsis&SpeciesName=bilineata&fc=324&stockcode=6194
351,https://www.fishbase.de/physiology/OxygenDataList.php?ID=5119&GenusName=Scopelengys&SpeciesName=tristis&fc=168&stockcode=5355
352,https://www.fishbase.de/physiology/OxygenDataList.php?ID=10284&GenusName=Scopelogadus&SpeciesName=mizolepis&fc=233&stockcode=10607
353,https://www.fishbase.de/physiology/OxygenDataList.php?ID=1348&GenusName=Scophthalmus&SpeciesName=maximus&fc=515&stockcode=1366
354,https://www.fishbase.de/physiology/OxygenDataList.php?ID=529&GenusName=Scophthalmus&SpeciesName=rhombus&fc=515&stockcode=545
355,https://www.fishbase.de/physiology/OxygenDataList.php?ID=3943&GenusName=Scorpaena&SpeciesName=guttata&fc=264&stockcode=4139
356,https://www.fishbase.de/physiology/OxygenDataList.php?ID=1758&GenusName=Scorpaena&SpeciesName=porcus&fc=264&stockcode=1954
357,https://www.fishbase.de/physiology/OxygenDataList.php?ID=4921&GenusName=Scorpaenopsis&SpeciesName=diabolus&fc=264&stockcode=5154
358,https://www.fishbase.de/physiology/OxygenDataList.php?ID=5822&GenusName=Scorpaenopsis&SpeciesName=oxycephala&fc=264&stockcode=6119
359,https://www.fishbase.de/physiology/OxygenDataList.php?ID=845&GenusName=Scyliorhinus&SpeciesName=canicula&fc=10&stockcode=861
360,https://www.fishbase.de/physiology/OxygenDataList.php?ID=854&GenusName=Scyliorhinus&SpeciesName=stellaris&fc=10&stockcode=870
361,https://www.fishbase.de/physiology/OxygenDataList.php?ID=3964&GenusName=Sebastes&SpeciesName=diploproa&fc=573&stockcode=4160
362,https://www.fishbase.de/physiology/OxygenDataList.php?ID=503&GenusName=Sebastes&SpeciesName=flavidus&fc=573&stockcode=519
363,https://www.fishbase.de/physiology/OxygenDataList.php?ID=4009&GenusName=Sebastolobus&SpeciesName=alascanus&fc=573&stockcode=4205
364,https://www.fishbase.de/physiology/OxygenDataList.php?ID=4010&GenusName=Sebastolobus&SpeciesName=altivelis&fc=573&stockcode=4206
365,https://www.fishbase.de/physiology/OxygenDataList.php?ID=382&GenusName=Seriola&SpeciesName=lalandi&fc=314&stockcode=396
366,https://www.fishbase.de/physiology/OxygenDataList.php?ID=381&GenusName=Seriola&SpeciesName=quinqueradiata&fc=314&stockcode=395
367,https://www.fishbase.de/physiology/OxygenDataList.php?ID=1761&GenusName=Serranus&SpeciesName=scriba&fc=289&stockcode=1957
368,https://www.fishbase.de/physiology/OxygenDataList.php?ID=525&GenusName=Solea&SpeciesName=solea&fc=441&stockcode=541
369,https://www.fishbase.de/physiology/OxygenDataList.php?ID=1164&GenusName=Sparus&SpeciesName=aurata&fc=330&stockcode=1180
370,https://www.fishbase.de/physiology/OxygenDataList.php?ID=8991&GenusName=Spectrunculus&SpeciesName=grandis&fc=186&stockcode=9312
371,https://www.fishbase.de/physiology/OxygenDataList.php?ID=5778&GenusName=Sphaeramia&SpeciesName=nematoptera&fc=304&stockcode=6072
372,https://www.fishbase.de/physiology/OxygenDataList.php?ID=1355&GenusName=Spinachia&SpeciesName=spinachia&fc=260&stockcode=1373
373,https://www.fishbase.de/physiology/OxygenDataList.php?ID=62460&GenusName=Spinibarbus&SpeciesName=sinensis&fc=122&stockcode=52460
374,https://www.fishbase.de/physiology/OxygenDataList.php?ID=4482&GenusName=Squalius&SpeciesName=cephalus&fc=122&stockcode=4680
375,https://www.fishbase.de/physiology/OxygenDataList.php?ID=139&GenusName=Squalus&SpeciesName=acanthias&fc=13&stockcode=153
376,https://www.fishbase.de/physiology/OxygenDataList.php?ID=8871&GenusName=Steatocranus&SpeciesName=tinanti&fc=349&stockcode=9192
377,https://www.fishbase.de/physiology/OxygenDataList.php?ID=2737&GenusName=Stenobrachius&SpeciesName=leucopsarus&fc=167&stockcode=2933
378,https://www.fishbase.de/physiology/OxygenDataList.php?ID=5640&GenusName=Stethojulis&SpeciesName=bandanensis&fc=362&stockcode=5934
379,https://www.fishbase.de/physiology/OxygenDataList.php?ID=5155&GenusName=Stomias&SpeciesName=atriventer&fc=91&stockcode=5394
380,https://www.fishbase.de/physiology/OxygenDataList.php?ID=55049&GenusName=Stomias&SpeciesName=danae&fc=91&stockcode=45586
381,https://www.fishbase.de/physiology/OxygenDataList.php?ID=6029&GenusName=Sufflamen&SpeciesName=bursa&fc=445&stockcode=6343
382,https://www.fishbase.de/physiology/OxygenDataList.php?ID=5351&GenusName=Symbolophorus&SpeciesName=californiensis&fc=167&stockcode=5590
383,https://www.fishbase.de/physiology/OxygenDataList.php?ID=9104&GenusName=Synaphobranchus&SpeciesName=kaupii&fc=57&stockcode=9425
384,https://www.fishbase.de/physiology/OxygenDataList.php?ID=5319&GenusName=Synbranchus&SpeciesName=marmoratus&fc=262&stockcode=5559
385,https://www.fishbase.de/physiology/OxygenDataList.php?ID=1770&GenusName=Syngnathus&SpeciesName=acus&fc=258&stockcode=1966
386,https://www.fishbase.de/physiology/OxygenDataList.php?ID=5776&GenusName=Taeniamia&SpeciesName=fucata&fc=304&stockcode=6070
387,https://www.fishbase.de/physiology/OxygenDataList.php?ID=2738&GenusName=Tarletonbeania&SpeciesName=crenularis&fc=167&stockcode=2934
388,https://www.fishbase.de/physiology/OxygenDataList.php?ID=3672&GenusName=Tautogolabrus&SpeciesName=adspersus&fc=362&stockcode=3868
389,https://www.fishbase.de/physiology/OxygenDataList.php?ID=7770&GenusName=Thalassoma&SpeciesName=duperrey&fc=362&stockcode=8080
390,https://www.fishbase.de/physiology/OxygenDataList.php?ID=4676&GenusName=Thorichthys&SpeciesName=meeki&fc=349&stockcode=4894
391,https://www.fishbase.de/physiology/OxygenDataList.php?ID=142&GenusName=Thunnus&SpeciesName=alalunga&fc=416&stockcode=156
392,https://www.fishbase.de/physiology/OxygenDataList.php?ID=2693&GenusName=Thymallus&SpeciesName=arcticus&fc=76&stockcode=2889
393,https://www.fishbase.de/physiology/OxygenDataList.php?ID=269&GenusName=Tinca&SpeciesName=tinca&fc=122&stockcode=283
394,https://www.fishbase.de/physiology/OxygenDataList.php?ID=5132&GenusName=Torpedo&SpeciesName=marmorata&fc=18&stockcode=5368
395,https://www.fishbase.de/physiology/OxygenDataList.php?ID=2062&GenusName=Torpedo&SpeciesName=torpedo&fc=18&stockcode=2257
396,https://www.fishbase.de/physiology/OxygenDataList.php?ID=7053&GenusName=Trematomus&SpeciesName=bernacchii&fc=382&stockcode=7323
397,https://www.fishbase.de/physiology/OxygenDataList.php?ID=7055&GenusName=Trematomus&SpeciesName=hansoni&fc=382&stockcode=7339
398,https://www.fishbase.de/physiology/OxygenDataList.php?ID=7057&GenusName=Trematomus&SpeciesName=loennbergii&fc=382&stockcode=7341
399,https://www.fishbase.de/physiology/OxygenDataList.php?ID=7059&GenusName=Trematomus&SpeciesName=nicolai&fc=382&stockcode=7357
400,https://www.fishbase.de/physiology/OxygenDataList.php?ID=7060&GenusName=Trematomus&SpeciesName=pennellii&fc=382&stockcode=7359
401,https://www.fishbase.de/physiology/OxygenDataList.php?ID=4770&GenusName=Trichogaster&SpeciesName=fasciata&fc=429&stockcode=4994
402,https://www.fishbase.de/physiology/OxygenDataList.php?ID=4675&GenusName=Trichopodus&SpeciesName=trichopterus&fc=429&stockcode=4893
403,https://www.fishbase.de/physiology/OxygenDataList.php?ID=2739&GenusName=Triphoturus&SpeciesName=mexicanus&fc=167&stockcode=2935
404,https://www.fishbase.de/physiology/OxygenDataList.php?ID=8982&GenusName=Tropheus&SpeciesName=moorii&fc=349&stockcode=9303
405,https://www.fishbase.de/physiology/OxygenDataList.php?ID=3900&GenusName=Typhlogobius&SpeciesName=californiensis&fc=405&stockcode=4096
406,https://www.fishbase.de/physiology/OxygenDataList.php?ID=6030&GenusName=Xanthichthys&SpeciesName=auromarginatus&fc=445&stockcode=6344
407,https://www.fishbase.de/physiology/OxygenDataList.php?ID=3231&GenusName=Xiphophorus&SpeciesName=hellerii&fc=216&stockcode=3427
408,https://www.fishbase.de/physiology/OxygenDataList.php?ID=479&GenusName=Zoarces&SpeciesName=viviparus&fc=188&stockcode=493
409,https://www.fishbase.de/physiology/OxygenDataList.php?ID=5771&GenusName=Zoramia&SpeciesName=fragilis&fc=304&stockcode=6065
410,https://www.fishbase.de/physiology/OxygenDataList.php?ID=5773&GenusName=Zoramia&SpeciesName=leptacantha&fc=304&stockcode=6067
